,Transportation expense,Distance from Residence to Work,Service time,Age,Work load Average/day ,Hit target,Disciplinary failure,Education,Social drinker,Social smoker,Pet,Weight,Height,Body mass index,Absenteeism time in hours,Reason for absence_0.0,Reason for absence_1.0,Reason for absence_2.0,Reason for absence_3.0,Reason for absence_4.0,Month of absence_1.0,Month of absence_2.0,Month of absence_3.0,Month of absence_4.0,Month of absence_5.0,Month of absence_6.0,Month of absence_7.0,Month of absence_8.0,Month of absence_9.0,Month of absence_10.0,Month of absence_11.0,Month of absence_12.0,Day of the week_3,Day of the week_4,Day of the week_5,Day of the week_6,Seasons_2,Seasons_3,Seasons_4,Son_1.0,Son_2.0,Son_3.0,Son_4.0
0,289.0,36.0,13.0,33.0,239554.0,97.0,0.0,0.0,1.0,0.0,1.0,90.0,172.0,30.0,4.0,0,0,0,0,1,0,0,0,0,0,0,1,0,0,0,0,0,1,0,0,0,0,0,0,0,1,0,0
1,118.0,13.0,18.0,50.0,239554.0,97.0,1.0,0.0,1.0,0.0,0.0,98.0,178.0,31.0,0.0,0,0,0,0,0,0,0,0,0,0,0,1,0,0,0,0,0,1,0,0,0,0,0,0,1,0,0,0
2,179.0,51.0,18.0,38.0,239554.0,97.0,0.0,0.0,1.0,0.0,0.0,89.0,170.0,31.0,2.0,0,0,0,0,1,0,0,0,0,0,0,1,0,0,0,0,0,0,1,0,0,0,0,0,0,0,0,0
3,279.0,5.0,14.0,39.0,239554.0,97.0,0.0,0.0,1.0,1.0,0.0,68.0,168.0,24.0,4.0,0,1,0,0,0,0,0,0,0,0,0,1,0,0,0,0,0,0,0,1,0,0,0,0,0,1,0,0
4,289.0,36.0,13.0,33.0,239554.0,97.0,0.0,0.0,1.0,0.0,1.0,90.0,172.0,30.0,2.0,0,0,0,0,1,0,0,0,0,0,0,1,0,0,0,0,0,0,0,1,0,0,0,0,0,1,0,0
5,179.0,51.0,18.0,38.0,239554.0,97.0,0.0,0.0,1.0,0.0,0.0,89.0,170.0,31.0,10.0,0,0,0,0,1,0,0,0,0,0,0,1,0,0,0,0,0,0,0,0,1,0,0,0,0,0,0,0
6,222.02824858757063,52.0,3.0,28.0,239554.0,97.0,0.0,0.0,1.0,0.0,4.0,80.0,172.0,27.0,8.0,0,0,0,0,1,0,0,0,0,0,0,1,0,0,0,0,0,0,0,0,1,0,0,0,1,0,0,0
7,260.0,50.0,11.0,36.0,239554.0,97.0,0.0,0.0,1.0,0.0,0.0,65.0,168.0,23.0,4.0,0,0,0,0,1,0,0,0,0,0,0,1,0,0,0,0,0,0,0,0,1,0,0,0,0,0,0,1
8,155.0,12.0,14.0,34.0,239554.0,97.0,0.0,0.0,1.0,0.0,0.0,95.0,196.0,25.0,40.0,0,0,0,1,0,0,0,0,0,0,0,1,0,0,0,0,0,0,0,0,0,0,0,0,0,1,0,0
9,235.0,11.0,14.0,37.0,239554.0,97.0,0.0,1.0,0.0,0.0,1.0,88.0,172.0,29.0,8.0,0,0,0,0,1,0,0,0,0,0,0,1,0,0,0,0,0,0,0,0,0,0,0,0,1,0,0,0
10,260.0,50.0,11.0,36.0,239554.0,97.0,0.0,0.0,1.0,0.0,0.0,65.0,168.0,23.0,8.0,1,0,0,0,0,0,0,0,0,0,0,1,0,0,0,0,0,0,0,0,0,0,0,0,0,0,0,1
11,260.0,50.0,11.0,36.0,239554.0,97.0,0.0,0.0,1.0,0.0,0.0,65.0,168.0,23.0,8.0,1,0,0,0,0,0,0,0,0,0,0,1,0,0,0,0,0,1,0,0,0,0,0,0,0,0,0,1
12,260.0,50.0,11.0,36.0,239554.0,97.0,0.0,0.0,1.0,0.0,0.0,65.0,168.0,23.0,8.0,0,1,0,0,0,0,0,0,0,0,0,1,0,0,0,0,0,0,1,0,0,0,0,0,0,0,0,1
13,179.0,51.0,18.0,38.0,239554.0,97.0,0.0,0.0,1.0,0.0,0.0,89.0,170.0,31.0,1.0,0,1,0,0,0,0,0,0,0,0,0,1,0,0,0,0,0,0,1,0,0,0,0,0,0,0,0,0
14,179.0,51.0,18.0,38.0,239554.0,97.0,0.0,0.0,1.0,0.0,0.0,89.0,170.0,112.35955056179775,4.0,0,0,0,0,1,0,0,0,0,0,0,1,0,0,0,0,0,0,1,0,0,0,0,0,0,0,0,0
15,246.0,25.0,16.0,41.0,239554.0,97.0,0.0,0.0,1.0,0.0,0.0,67.0,170.0,149.25373134328356,10.0,0,1,0,0,0,0,0,0,0,0,0,1,0,0,0,0,0,0,0,0,1,0,0,0,0,0,0,0
16,222.02824858757063,51.0,18.0,38.0,239554.0,97.0,0.0,0.0,1.0,0.0,0.0,89.0,170.0,31.0,2.0,0,0,0,0,1,0,0,0,0,0,0,1,0,0,0,0,0,0,0,0,1,0,0,0,0,0,0,0
17,179.0,51.0,18.0,38.0,239554.0,97.0,0.0,0.0,1.0,0.0,0.0,89.0,170.0,31.0,8.0,0,0,0,1,0,0,0,0,0,0,0,1,0,0,0,0,0,0,0,0,0,0,0,0,0,0,0,0
18,189.0,29.0,13.0,33.0,239554.0,97.0,0.0,0.0,0.0,0.0,2.0,69.0,167.0,25.0,8.0,0,1,0,0,0,0,0,0,0,0,0,1,0,0,0,0,0,0,0,1,0,0,0,0,0,1,0,0
19,248.0,25.0,14.0,47.0,205917.0,92.0,0.0,0.0,0.0,0.0,1.0,86.0,165.0,32.0,2.0,0,0,0,0,1,0,0,0,0,0,0,0,1,0,0,0,0,0,1,0,0,0,0,0,0,1,0,0
20,330.0,16.0,4.0,28.0,205917.0,92.0,0.0,1.0,0.0,0.0,0.0,84.0,182.0,25.0,10.0,0,1,0,0,0,0,0,0,0,0,0,0,1,0,0,0,0,0,1,0,0,0,0,0,0,0,0,0
21,179.0,51.0,18.0,38.0,205917.0,92.0,0.0,0.0,1.0,0.0,0.0,89.0,170.0,31.0,1.0,0,1,0,0,0,0,0,0,0,0,0,0,1,0,0,0,0,0,0,0,0,0,0,0,0,0,0,0
22,361.0,52.0,3.0,28.0,205917.0,92.0,0.0,0.0,1.0,0.0,4.0,80.0,172.0,27.0,40.0,0,1,0,0,0,0,0,0,0,0,0,0,1,0,0,0,0,0,0,0,0,0,0,0,1,0,0,0
23,260.0,50.0,11.0,36.0,205917.0,92.0,0.0,0.0,1.0,0.0,0.0,65.0,168.0,23.0,4.0,0,0,0,0,1,0,0,0,0,0,0,0,1,0,0,0,0,0,0,0,1,0,0,0,0,0,0,1
24,289.0,36.0,13.0,33.0,205917.0,92.0,0.0,0.0,1.0,0.0,1.0,90.0,172.0,111.1111111111111,8.0,0,0,0,1,0,0,0,0,0,0,0,0,1,0,0,0,0,0,0,0,0,0,0,0,0,1,0,0
25,361.0,52.0,3.0,28.0,205917.0,92.0,0.0,0.0,1.0,0.0,4.0,80.0,172.0,27.0,7.0,0,0,0,0,1,0,0,0,0,0,0,0,1,0,0,0,0,0,0,0,0,0,0,0,1,0,0,0
26,289.0,36.0,13.0,33.0,205917.0,92.0,0.0,0.0,1.0,0.0,1.0,90.0,172.0,30.0,1.0,0,0,0,0,1,0,0,0,0,0,0,0,1,0,0,0,0,1,0,0,0,0,0,0,0,1,0,0
27,157.0,27.0,6.0,29.0,205917.0,92.0,0.0,0.0,1.0,1.0,0.0,75.0,185.0,133.33333333333334,4.0,0,0,0,0,1,0,0,0,0,0,0,0,1,0,0,0,0,0,1,0,0,0,0,0,0,0,0,0
28,289.0,36.0,13.0,33.0,205917.0,92.0,0.0,0.0,1.0,0.0,1.0,90.0,172.0,30.0,8.0,0,0,0,1,0,0,0,0,0,0,0,0,1,0,0,0,0,0,1,0,0,0,0,0,0,1,0,0
29,179.0,51.0,18.0,38.0,205917.0,92.0,0.0,0.0,1.0,0.0,0.0,89.0,170.0,31.0,2.0,0,0,0,0,1,0,0,0,0,0,0,0,1,0,0,0,0,0,0,0,1,0,0,0,0,0,0,0
30,179.0,51.0,18.0,38.0,205917.0,92.0,0.0,0.0,1.0,0.0,0.0,89.0,170.0,31.0,8.0,0,0,0,1,0,0,0,0,0,0,0,0,1,0,0,0,0,0,0,0,0,0,0,0,0,0,0,0
31,235.0,29.0,12.0,48.0,205917.0,92.0,0.0,0.0,0.0,1.0,5.0,88.0,163.0,113.63636363636364,8.0,0,0,0,1,0,0,0,0,0,0,0,0,1,0,0,0,0,0,0,1,0,0,0,0,1,0,0,0
32,222.02824858757063,11.0,14.0,37.0,205917.0,92.0,0.0,1.0,0.0,0.0,1.0,88.0,172.0,29.0,4.0,0,0,0,0,1,0,0,0,0,0,0,0,1,0,0,0,0,0,0,1,0,0,0,0,1,0,0,0
33,235.0,29.0,12.0,48.0,205917.0,92.0,0.0,0.0,0.0,1.0,5.0,88.0,163.0,33.0,8.0,0,0,0,1,0,0,0,0,0,0,0,0,1,0,0,0,0,0,0,0,0,0,0,0,1,0,0,0
34,179.0,51.0,18.0,38.0,205917.0,92.0,0.0,0.0,1.0,0.0,0.0,89.0,170.0,31.0,2.0,0,0,0,0,1,0,0,0,0,0,0,0,1,0,0,0,0,0,0,0,0,0,0,0,0,0,0,0
35,361.0,52.0,3.0,28.0,205917.0,92.0,0.0,0.0,1.0,0.0,4.0,80.0,172.0,27.0,1.0,0,0,0,0,1,0,0,0,0,0,0,0,1,0,0,0,0,0,0,0,0,0,0,0,1,0,0,0
36,289.0,36.0,13.0,33.0,205917.0,92.0,0.0,0.0,1.0,0.0,1.0,90.0,172.0,30.0,8.0,0,0,0,0,1,0,0,0,0,0,0,0,1,0,0,0,0,1,0,0,0,0,0,0,0,1,0,0
37,291.0,50.0,12.0,32.0,205917.0,92.0,0.0,0.0,1.0,0.0,0.0,65.0,169.0,153.84615384615384,4.0,0,1,0,0,0,0,0,0,0,0,0,0,1,0,0,0,0,0,0,1,0,0,0,0,0,0,0,0
38,235.0,29.0,12.0,48.0,205917.0,92.0,0.0,0.0,0.0,1.0,5.0,88.0,163.0,33.0,8.0,0,0,0,0,1,0,0,0,0,0,0,0,1,0,0,0,0,0,0,0,1,0,0,0,1,0,0,0
39,260.0,50.0,11.0,36.0,205917.0,92.0,0.0,0.0,1.0,0.0,0.0,65.0,168.0,23.0,4.0,0,0,0,0,1,0,0,0,0,0,0,0,1,0,0,0,0,0,0,0,1,0,0,0,0,0,0,1
40,184.0,42.0,7.0,27.0,241476.0,92.0,0.0,0.0,0.0,0.0,0.0,58.0,167.0,21.0,2.0,0,0,0,0,1,0,0,0,0,0,0,0,0,1,0,0,0,1,0,0,0,0,0,0,0,0,0,0
41,118.0,10.0,10.0,37.0,241476.0,92.0,0.0,0.0,0.0,0.0,0.0,83.0,172.0,120.48192771084338,4.0,0,0,0,0,1,0,0,0,0,0,0,0,0,1,0,0,0,0,0,0,0,0,0,0,0,0,0,0
42,179.0,51.0,18.0,38.0,241476.0,92.0,0.0,0.0,1.0,0.0,0.0,89.0,170.0,112.35955056179775,4.0,0,0,0,0,1,0,0,0,0,0,0,0,0,1,0,0,0,1,0,0,0,0,0,0,0,0,0,0
43,235.0,20.0,13.0,43.0,241476.0,92.0,0.0,0.0,1.0,0.0,0.0,106.0,167.0,38.0,8.0,0,0,0,1,0,0,0,0,0,0,0,0,0,1,0,0,0,1,0,0,0,0,0,0,1,0,0,0
44,155.0,12.0,14.0,34.0,241476.0,92.0,0.0,0.0,1.0,0.0,0.0,95.0,196.0,25.0,2.0,0,0,0,0,1,0,0,0,0,0,0,0,0,1,0,0,0,0,1,0,0,0,0,0,0,1,0,0
45,118.0,33.0,10.0,37.0,241476.0,92.0,0.0,0.0,0.0,0.0,0.0,83.0,172.0,28.0,3.0,0,0,0,0,1,0,0,0,0,0,0,0,0,1,0,0,0,0,0,0,0,0,0,0,0,0,0,0
46,179.0,51.0,18.0,38.0,241476.0,92.0,0.0,0.0,1.0,0.0,0.0,89.0,170.0,31.0,3.0,0,0,0,0,1,0,0,0,0,0,0,0,0,1,0,0,0,1,0,0,0,0,0,0,0,0,0,0
47,291.0,31.0,12.0,40.0,241476.0,92.0,0.0,0.0,1.0,0.0,1.0,73.0,171.0,25.0,4.0,0,0,0,0,1,0,0,0,0,0,0,0,0,1,0,0,0,0,0,1,0,0,0,0,1,0,0,0
48,260.0,50.0,11.0,36.0,241476.0,92.0,0.0,0.0,1.0,0.0,0.0,65.0,168.0,23.0,10.0,0,0,0,0,1,0,0,0,0,0,0,0,0,1,0,0,0,0,0,0,1,0,0,0,0,0,0,1
49,222.02824858757063,31.0,12.0,40.0,241476.0,92.0,0.0,0.0,1.0,0.0,1.0,73.0,171.0,25.0,32.0,0,1,0,0,0,0,0,0,0,0,0,0,0,1,0,0,0,0,0,0,0,0,0,1,1,0,0,0
50,222.02824858757063,50.0,11.0,36.0,241476.0,92.0,0.0,0.0,1.0,0.0,0.0,65.0,168.0,23.0,10.0,0,0,0,0,0,0,0,0,0,0,0,0,0,1,0,0,0,0,0,0,0,0,0,1,0,0,0,1
51,225.0,26.0,9.0,28.0,241476.0,92.0,1.0,0.0,0.0,0.0,2.0,69.0,169.0,24.0,0.0,0,0,0,0,0,0,0,0,0,0,0,0,0,1,0,0,0,0,0,0,0,0,0,1,1,0,0,0
52,225.0,26.0,9.0,28.0,241476.0,92.0,0.0,0.0,0.0,0.0,2.0,69.0,169.0,144.9275362318841,2.0,0,0,0,0,1,0,0,0,0,0,0,0,0,1,0,0,0,1,0,0,0,0,0,1,1,0,0,0
53,118.0,10.0,10.0,37.0,241476.0,92.0,0.0,0.0,0.0,0.0,0.0,83.0,172.0,120.48192771084338,2.0,0,0,0,0,1,0,0,0,0,0,0,0,0,1,0,0,0,1,0,0,0,0,0,1,0,0,0,0
54,289.0,36.0,13.0,33.0,241476.0,92.0,1.0,0.0,1.0,0.0,1.0,90.0,172.0,30.0,0.0,0,0,0,0,0,0,0,0,0,0,0,0,0,1,0,0,0,1,0,0,0,0,0,1,0,1,0,0
55,118.0,13.0,18.0,50.0,264604.0,92.0,1.0,0.0,1.0,0.0,0.0,98.0,178.0,31.0,10.0,0,0,0,0,0,0,0,0,0,0,0,0,0,1,0,0,0,1,0,0,0,0,0,1,1,0,0,0
56,225.0,26.0,9.0,28.0,241476.0,92.0,0.0,0.0,0.0,0.0,2.0,69.0,169.0,144.9275362318841,3.0,0,0,0,1,0,0,0,0,0,0,0,0,0,1,0,0,0,0,1,0,0,0,0,1,1,0,0,0
57,179.0,51.0,18.0,38.0,241476.0,92.0,0.0,0.0,1.0,0.0,0.0,89.0,170.0,112.35955056179775,3.0,0,0,0,0,1,0,0,0,0,0,0,0,0,1,0,0,0,0,1,0,0,0,0,1,0,0,0,0
58,369.0,17.0,12.0,31.0,241476.0,92.0,1.0,0.0,1.0,0.0,0.0,70.0,169.0,142.8571428571429,0.0,0,0,0,0,0,0,0,0,0,0,0,0,0,1,0,0,0,0,1,0,0,0,0,1,0,0,1,0
59,248.0,25.0,14.0,47.0,241476.0,92.0,0.0,0.0,0.0,0.0,1.0,86.0,165.0,32.0,1.0,0,0,0,0,1,0,0,0,0,0,0,0,0,1,0,0,0,0,0,0,1,0,0,1,0,1,0,0
60,179.0,51.0,18.0,38.0,241476.0,92.0,0.0,0.0,1.0,0.0,0.0,89.0,170.0,31.0,3.0,0,0,0,0,1,0,0,0,0,0,0,0,0,1,0,0,0,0,0,0,1,0,0,1,0,0,0,0
61,260.0,50.0,11.0,36.0,241476.0,92.0,0.0,0.0,1.0,0.0,0.0,65.0,168.0,23.0,4.0,0,0,0,0,1,0,0,0,0,0,0,0,0,1,0,0,0,0,0,0,1,0,0,1,0,0,0,1
62,179.0,51.0,18.0,38.0,253465.0,93.0,0.0,0.0,1.0,0.0,0.0,89.0,170.0,31.0,3.0,0,0,0,0,1,0,0,0,0,0,0,0,0,0,1,0,0,1,0,0,0,0,0,1,0,0,0,0
63,118.0,10.0,10.0,37.0,253465.0,93.0,0.0,0.0,0.0,0.0,0.0,83.0,172.0,28.0,10.0,0,0,0,0,1,0,0,0,0,0,0,0,0,0,1,0,0,1,0,0,0,0,0,1,0,0,0,0
64,118.0,13.0,18.0,50.0,253465.0,93.0,1.0,0.0,1.0,0.0,0.0,98.0,178.0,102.04081632653062,10.0,0,0,0,0,0,0,0,0,0,0,0,0,0,0,1,0,0,0,1,0,0,0,0,1,1,0,0,0
65,222.02824858757063,33.0,9.0,30.0,253465.0,93.0,0.0,1.0,0.0,0.0,0.0,56.0,171.0,19.0,1.0,0,0,0,0,1,0,0,0,0,0,0,0,0,0,1,0,0,0,0,1,0,0,0,1,0,0,0,0
66,179.0,51.0,18.0,38.0,253465.0,93.0,0.0,0.0,1.0,0.0,0.0,89.0,170.0,31.0,3.0,0,0,0,0,1,0,0,0,0,0,0,0,0,0,1,0,0,0,0,0,1,0,0,1,0,0,0,0
67,225.0,26.0,9.0,28.0,253465.0,93.0,0.0,0.0,0.0,0.0,2.0,69.0,169.0,24.0,3.0,0,0,0,0,1,0,0,0,0,0,0,0,0,0,1,0,0,0,0,0,1,0,0,1,1,0,0,0
68,118.0,10.0,10.0,37.0,253465.0,93.0,0.0,0.0,0.0,0.0,0.0,83.0,172.0,28.0,3.0,0,0,0,0,1,0,0,0,0,0,0,0,0,0,1,0,0,1,0,0,0,0,0,1,0,0,0,0
69,225.0,26.0,9.0,28.0,253465.0,93.0,0.0,0.0,0.0,0.0,2.0,69.0,169.0,24.0,2.0,0,0,0,0,1,0,0,0,0,0,0,0,0,0,1,0,0,0,1,0,0,0,0,1,1,0,0,0
70,248.0,25.0,14.0,47.0,253465.0,93.0,0.0,0.0,0.0,0.0,1.0,86.0,165.0,32.0,2.0,0,0,0,0,1,0,0,0,0,0,0,0,0,0,1,0,0,0,1,0,0,0,0,1,0,1,0,0
71,291.0,31.0,12.0,40.0,253465.0,93.0,0.0,0.0,1.0,0.0,1.0,73.0,171.0,25.0,5.0,0,0,0,0,1,0,0,0,0,0,0,0,0,0,1,0,0,0,0,1,0,0,0,1,1,0,0,0
72,179.0,51.0,18.0,38.0,253465.0,93.0,0.0,0.0,1.0,0.0,0.0,89.0,170.0,31.0,8.0,0,0,0,0,1,0,0,0,0,0,0,0,0,0,1,0,0,0,1,0,0,0,0,1,0,0,0,0
73,225.0,26.0,9.0,28.0,253465.0,93.0,0.0,0.0,0.0,0.0,2.0,69.0,169.0,24.0,3.0,0,0,0,0,1,0,0,0,0,0,0,0,0,0,1,0,0,0,1,0,0,0,0,1,1,0,0,0
74,260.0,50.0,11.0,36.0,253465.0,93.0,0.0,0.0,1.0,0.0,0.0,65.0,170.40964183165454,23.0,16.0,0,0,0,1,0,0,0,0,0,0,0,0,0,0,1,0,0,0,0,1,0,0,0,1,0,0,0,1
75,291.0,31.0,12.0,40.0,253465.0,93.0,0.0,0.0,1.0,0.0,1.0,73.0,171.0,25.0,8.0,0,1,0,0,0,0,0,0,0,0,0,0,0,0,1,0,0,1,0,0,0,0,0,1,1,0,0,0
76,225.0,26.0,9.0,28.0,253465.0,93.0,0.0,0.0,0.0,0.0,2.0,69.0,169.0,24.0,2.0,0,0,0,0,1,0,0,0,0,0,0,0,0,0,1,0,0,1,0,0,0,0,0,1,1,0,0,0
77,289.0,36.0,13.0,33.0,264604.0,93.0,0.0,0.0,1.0,0.0,1.0,90.0,172.0,111.1111111111111,8.0,0,0,0,0,1,0,0,0,0,0,0,0,0,0,1,0,0,0,1,0,0,0,0,1,0,1,0,0
78,361.0,52.0,3.0,28.0,253465.0,93.0,0.0,0.0,1.0,0.0,4.0,80.0,172.0,27.0,1.0,0,0,0,0,1,0,0,0,0,0,0,0,0,0,1,0,0,0,0,0,1,0,0,1,1,0,0,0
79,222.02824858757063,50.0,11.0,36.0,253465.0,93.0,0.0,0.0,1.0,0.0,0.0,65.0,168.0,23.0,3.0,0,0,0,0,1,0,0,0,0,0,0,0,0,0,1,0,0,0,0,0,1,0,0,1,0,0,0,0
80,179.0,51.0,18.0,38.0,306345.0,93.0,0.0,0.0,1.0,0.0,0.0,89.0,170.0,31.0,1.0,0,0,0,0,1,0,0,0,0,0,0,0,0,0,0,1,0,0,0,1,0,0,0,1,0,0,0,0
81,225.0,33.0,9.0,28.0,306345.0,93.0,0.0,0.0,0.0,0.0,2.0,69.0,169.0,24.0,1.0,0,0,0,0,1,0,0,0,0,0,0,0,0,0,0,1,0,0,1,0,0,0,0,1,1,0,0,0
82,179.0,51.0,18.0,38.0,306345.0,95.0,0.0,0.0,1.0,0.0,0.0,89.0,170.0,31.0,8.0,0,1,0,0,0,0,0,0,0,0,0,0,0,0,0,1,0,0,0,1,0,0,0,1,0,0,0,0
83,179.0,22.0,17.0,40.0,306345.0,93.0,0.0,1.0,0.0,1.0,0.0,63.0,170.0,22.0,8.0,0,0,0,1,0,0,0,0,0,0,0,0,0,0,0,1,0,0,0,1,0,0,0,1,0,1,0,0
84,291.0,31.0,12.0,40.0,264604.0,93.0,0.0,0.0,1.0,0.0,1.0,73.0,171.0,25.0,5.0,0,0,0,0,1,0,0,0,0,0,0,0,0,0,0,1,0,0,0,1,0,0,0,1,1,0,0,0
85,155.0,12.0,14.0,34.0,306345.0,93.0,0.0,0.0,1.0,0.0,0.0,95.0,196.0,25.0,32.0,0,1,0,0,0,0,0,0,0,0,0,0,0,0,0,1,0,0,0,0,0,0,0,1,0,0,0,0
86,189.0,29.0,13.0,33.0,306345.0,93.0,0.0,0.0,0.0,0.0,2.0,69.0,167.0,25.0,8.0,0,0,0,0,1,0,0,0,0,0,0,0,0,0,0,1,0,0,0,0,0,0,0,1,0,1,0,0
87,291.0,31.0,12.0,40.0,306345.0,93.0,0.0,0.0,1.0,0.0,1.0,73.0,171.0,25.0,40.0,0,1,0,0,0,0,0,0,0,0,0,0,0,0,0,1,0,0,0,0,0,0,0,1,1,0,0,0
88,225.0,26.0,9.0,28.0,306345.0,93.0,0.0,0.0,0.0,0.0,2.0,69.0,169.0,24.0,1.0,0,0,0,0,1,0,0,0,0,0,0,0,0,0,0,1,0,0,1,0,0,0,0,1,1,0,0,0
89,155.0,12.0,14.0,34.0,306345.0,93.0,0.0,0.0,1.0,0.0,0.0,95.0,196.0,105.26315789473685,8.0,0,1,0,0,0,0,0,0,0,0,0,0,0,0,0,1,0,0,0,0,1,0,0,1,0,1,0,0
90,225.0,26.0,9.0,28.0,306345.0,93.0,0.0,0.0,0.0,0.0,2.0,69.0,169.0,24.0,3.0,0,0,0,0,1,0,0,0,0,0,0,0,0,0,0,1,0,0,1,0,0,0,0,1,1,0,0,0
91,179.0,22.0,17.0,40.0,306345.0,95.0,0.0,1.0,1.0,1.0,0.0,63.0,170.0,22.0,8.0,0,0,0,1,0,0,0,0,0,0,0,0,0,0,0,1,0,0,1,0,0,0,0,1,0,1,0,0
92,225.0,26.0,9.0,28.0,306345.0,93.0,0.0,0.0,0.0,0.0,2.0,69.0,169.0,24.0,3.0,0,1,0,0,0,0,0,0,0,0,0,0,0,0,0,1,0,0,0,0,1,0,0,1,1,0,0,0
93,260.0,50.0,11.0,36.0,264604.0,93.0,0.0,0.0,1.0,0.0,0.0,65.0,168.0,23.0,4.0,0,0,0,0,1,0,0,0,0,0,0,0,0,0,0,1,0,0,0,0,1,0,0,1,0,0,0,1
94,248.0,25.0,14.0,47.0,306345.0,93.0,0.0,0.0,0.0,0.0,1.0,86.0,165.0,32.0,1.0,0,0,0,0,1,0,0,0,0,0,0,0,0,0,0,1,0,0,0,0,0,0,0,1,0,1,0,0
95,225.0,26.0,9.0,28.0,306345.0,93.0,0.0,0.0,0.0,0.0,2.0,69.0,169.0,24.0,3.0,0,0,0,0,1,0,0,0,0,0,0,0,0,0,0,1,0,1,0,0,0,0,0,1,1,0,0,0
96,289.0,36.0,13.0,33.0,306345.0,93.0,0.0,0.0,1.0,0.0,1.0,90.0,172.0,30.0,24.0,0,1,0,0,0,0,0,0,0,0,0,0,0,0,0,1,0,0,1,0,0,0,0,1,0,1,0,0
97,291.0,31.0,12.0,40.0,306345.0,93.0,0.0,0.0,1.0,0.0,1.0,73.0,171.0,25.0,3.0,0,0,0,0,1,0,0,0,0,0,0,0,0,0,0,1,0,0,0,1,0,0,0,1,1,0,0,0
98,248.0,25.0,14.0,47.0,261306.0,97.0,0.0,0.0,0.0,0.0,1.0,86.0,165.0,32.0,1.0,0,0,0,0,1,0,0,0,0,0,0,0,0,0,0,0,1,1,0,0,0,0,0,1,0,1,0,0
99,118.0,10.0,10.0,37.0,261306.0,97.0,0.0,0.0,0.0,0.0,0.0,83.0,172.0,120.48192771084338,64.0,0,0,0,1,0,0,0,0,0,0,0,0,0,0,0,0,1,1,0,0,0,0,0,1,0,0,0,0
100,118.0,13.0,18.0,50.0,261306.0,97.0,0.0,0.0,1.0,0.0,0.0,98.0,178.0,102.04081632653062,2.0,0,0,0,0,1,0,0,0,0,0,0,0,0,0,0,0,1,0,1,0,0,0,0,1,1,0,0,0
101,235.0,11.0,14.0,37.0,261306.0,97.0,0.0,1.0,0.0,0.0,1.0,88.0,172.0,29.0,8.0,0,0,0,0,1,0,0,0,0,0,0,0,0,0,0,0,1,0,1,0,0,0,0,1,1,0,0,0
102,225.0,26.0,9.0,28.0,261306.0,97.0,0.0,0.0,0.0,0.0,2.0,69.0,169.0,24.0,2.0,0,0,0,0,1,0,0,0,0,0,0,0,0,0,0,0,1,0,0,1,0,0,0,1,1,0,0,0
103,260.0,50.0,11.0,36.0,261306.0,97.0,0.0,0.0,1.0,0.0,0.0,65.0,168.0,23.0,8.0,0,0,0,0,1,0,0,0,0,0,0,0,0,0,0,0,1,0,0,0,1,0,0,1,0,0,0,1
104,118.0,10.0,10.0,37.0,264604.0,97.0,0.0,0.0,0.0,0.0,0.0,83.0,172.0,28.0,56.0,0,0,0,1,0,0,0,0,0,0,0,0,0,0,0,0,1,1,0,0,0,0,0,1,0,0,0,0
105,361.0,52.0,3.0,28.0,264604.0,97.0,0.0,0.0,1.0,0.0,4.0,80.0,172.0,27.0,8.0,0,0,0,0,1,0,0,0,0,0,0,0,0,0,0,0,1,0,1,0,0,0,0,1,1,0,0,0
106,225.0,26.0,18.0,28.0,261306.0,97.0,0.0,0.0,0.0,0.0,2.0,69.0,169.0,144.9275362318841,3.0,0,0,0,0,1,0,0,0,0,0,0,0,0,0,0,0,1,0,0,1,0,0,0,1,1,0,0,0
107,260.0,50.0,11.0,36.0,261306.0,97.0,0.0,0.0,1.0,0.0,0.0,65.0,168.0,153.84615384615384,3.0,0,0,0,0,1,0,0,0,0,0,0,0,0,0,0,0,1,0,0,0,1,0,0,1,0,0,0,1
108,225.0,26.0,9.0,28.0,261306.0,97.0,0.0,0.0,0.0,0.0,2.0,69.0,169.0,144.9275362318841,2.0,0,0,0,0,1,0,0,0,0,0,0,0,0,0,0,0,1,1,0,0,0,0,0,1,1,0,0,0
109,361.0,52.0,3.0,28.0,261306.0,97.0,0.0,0.0,1.0,0.0,4.0,80.0,170.40964183165454,27.0,8.0,0,0,0,0,1,0,0,0,0,0,0,0,0,0,0,0,1,0,1,0,0,0,0,1,1,0,0,0
110,118.0,10.0,10.0,37.0,261306.0,97.0,0.0,0.0,0.0,0.0,0.0,83.0,172.0,28.0,2.0,0,0,0,0,1,0,0,0,0,0,0,0,0,0,0,0,1,0,0,0,1,0,0,1,0,0,0,0
111,246.0,25.0,16.0,41.0,261306.0,97.0,0.0,0.0,1.0,0.0,0.0,67.0,170.0,23.0,8.0,0,0,0,1,0,0,0,0,0,0,0,0,0,0,0,0,1,0,0,0,1,1,0,0,0,0,0,0
112,225.0,26.0,9.0,36.44662921348315,261306.0,95.0,0.0,0.0,0.0,0.0,2.0,69.0,169.0,24.0,2.0,0,0,0,0,1,0,0,0,0,0,0,0,0,0,0,0,1,0,0,0,1,1,0,0,1,0,0,0
113,225.0,26.0,9.0,28.0,264604.0,95.0,0.0,0.0,0.0,0.0,2.0,69.0,170.40964183165454,24.0,1.0,0,0,0,0,1,1,0,0,0,0,0,0,0,0,0,0,0,0,1,0,0,1,0,0,1,0,0,0
114,118.0,10.0,10.0,37.0,264604.0,95.0,0.0,0.0,0.0,0.0,0.0,83.0,170.40964183165454,28.0,1.0,0,0,0,1,0,1,0,0,0,0,0,0,0,0,0,0,0,0,0,0,0,1,0,0,0,0,0,0
115,118.0,10.0,18.0,37.0,308593.0,95.0,0.0,0.0,0.0,0.0,0.0,83.0,172.0,28.0,1.0,0,0,0,0,1,1,0,0,0,0,0,0,0,0,0,0,0,1,0,0,0,1,0,0,0,0,0,0
116,155.0,12.0,14.0,34.0,308593.0,95.0,0.0,0.0,1.0,0.0,0.0,95.0,196.0,25.0,8.0,0,0,0,1,0,1,0,0,0,0,0,0,0,0,0,0,0,1,0,0,0,1,0,0,0,1,0,0
117,225.0,26.0,9.0,28.0,308593.0,95.0,0.0,0.0,0.0,0.0,2.0,69.0,169.0,24.0,2.0,0,0,0,0,1,1,0,0,0,0,0,0,0,0,0,0,0,0,1,0,0,1,0,0,1,0,0,0
118,184.0,42.0,7.0,27.0,308593.0,95.0,0.0,0.0,0.0,0.0,0.0,79.03501400560224,167.0,21.0,2.0,0,0,0,0,1,1,0,0,0,0,0,0,0,0,0,0,0,0,0,1,0,1,0,0,0,0,0,0
119,225.0,26.0,9.0,28.0,308593.0,95.0,0.0,0.0,0.0,0.0,2.0,69.0,169.0,24.0,2.0,0,0,0,0,1,1,0,0,0,0,0,0,0,0,0,0,0,0,0,1,0,1,0,0,1,0,0,0
120,225.0,26.0,9.0,28.0,308593.0,95.0,0.0,0.0,0.0,0.0,2.0,69.0,169.0,24.0,1.0,0,0,0,0,1,1,0,0,0,0,0,0,0,0,0,0,0,0,0,0,1,1,0,0,1,0,0,0
121,118.0,10.0,10.0,37.0,308593.0,95.0,0.0,0.0,0.0,0.0,0.0,83.0,172.0,28.0,2.0,0,0,0,0,1,1,0,0,0,0,0,0,0,0,0,0,0,0,0,0,0,1,0,0,0,0,0,0
122,225.0,26.0,9.0,28.0,308593.0,95.0,0.0,0.0,0.0,0.0,2.0,69.0,169.0,24.0,2.0,0,0,0,0,1,1,0,0,0,0,0,0,0,0,0,0,0,1,0,0,0,1,0,0,1,0,0,0
123,118.0,10.0,10.0,37.0,308593.0,95.0,0.0,0.0,0.0,0.0,0.0,83.0,172.0,28.0,2.0,0,0,0,0,1,1,0,0,0,0,0,0,0,0,0,0,0,1,0,0,0,1,0,0,0,0,0,0
124,118.0,10.0,10.0,37.0,308593.0,95.0,0.0,0.0,0.0,0.0,0.0,83.0,172.0,28.0,2.0,0,0,0,0,1,1,0,0,0,0,0,0,0,0,0,0,0,0,1,0,0,1,0,0,0,0,0,0
125,118.0,10.0,10.0,37.0,308593.0,95.0,0.0,0.0,0.0,0.0,0.0,83.0,172.0,28.0,2.0,0,0,0,0,1,1,0,0,0,0,0,0,0,0,0,0,0,0,0,1,0,1,0,0,0,0,0,0
126,118.0,10.0,10.0,37.0,308593.0,95.0,0.0,0.0,0.0,0.0,0.0,83.0,172.0,28.0,2.0,0,0,0,0,1,1,0,0,0,0,0,0,0,0,0,0,0,0,0,0,1,1,0,0,0,0,0,0
127,118.0,10.0,10.0,37.0,308593.0,95.0,0.0,0.0,0.0,0.0,0.0,83.0,172.0,28.0,2.0,0,0,0,0,1,1,0,0,0,0,0,0,0,0,0,0,0,0,0,0,0,1,0,0,0,0,0,0
128,118.0,10.0,10.0,37.0,308593.0,95.0,0.0,0.0,0.0,0.0,0.0,83.0,172.0,28.0,2.0,0,0,0,0,1,1,0,0,0,0,0,0,0,0,0,0,0,1,0,0,0,1,0,0,0,0,0,0
129,179.0,26.0,9.0,30.0,308593.0,95.0,0.0,1.0,0.0,0.0,0.0,56.0,171.0,19.0,8.0,0,0,0,1,0,1,0,0,0,0,0,0,0,0,0,0,0,1,0,0,0,1,0,0,0,0,0,0
130,289.0,36.0,13.0,33.0,308593.0,95.0,0.0,0.0,1.0,0.0,1.0,90.0,172.0,30.0,8.0,0,0,0,1,0,1,0,0,0,0,0,0,0,0,0,0,0,1,0,0,0,1,0,0,0,1,0,0
131,118.0,10.0,18.0,37.0,308593.0,95.0,0.0,0.0,0.0,0.0,0.0,83.0,170.40964183165454,28.0,2.0,0,0,0,0,1,1,0,0,0,0,0,0,0,0,0,0,0,0,1,0,0,1,0,0,0,0,0,0
132,184.0,42.0,7.0,27.0,264604.0,95.0,0.0,0.0,0.0,0.0,0.0,58.0,170.40964183165454,21.0,2.0,0,0,0,0,1,1,0,0,0,0,0,0,0,0,0,0,0,0,0,1,0,1,0,0,0,0,0,0
133,118.0,10.0,10.0,37.0,308593.0,95.0,0.0,0.0,0.0,0.0,0.0,83.0,172.0,28.0,2.0,0,0,0,0,1,1,0,0,0,0,0,0,0,0,0,0,0,0,0,1,0,1,0,0,0,0,0,0
134,118.0,10.0,10.0,37.0,308593.0,95.0,0.0,0.0,0.0,0.0,0.0,83.0,172.0,28.0,0.0,0,0,0,0,1,1,0,0,0,0,0,0,0,0,0,0,0,0,0,0,0,1,0,0,0,0,0,0
135,225.0,26.0,9.0,28.0,308593.0,95.0,0.0,0.0,0.0,0.0,2.0,69.0,169.0,24.0,1.0,0,0,0,0,1,1,0,0,0,0,0,0,0,0,0,0,0,1,0,0,0,1,0,0,1,0,0,0
136,289.0,36.0,13.0,33.0,308593.0,95.0,0.0,0.0,1.0,0.0,1.0,90.0,172.0,30.0,3.0,0,0,0,0,1,1,0,0,0,0,0,0,0,0,0,0,0,0,0,1,0,1,0,0,0,1,0,0
137,184.0,42.0,7.0,27.0,302585.0,99.0,0.0,0.0,0.0,0.0,0.0,58.0,167.0,21.0,1.0,0,0,0,0,1,0,1,0,0,0,0,0,0,0,0,0,0,0,0,0,1,1,0,0,0,0,0,0
138,246.0,25.0,16.0,41.0,302585.0,99.0,0.0,0.0,1.0,0.0,0.0,67.0,170.0,23.0,8.0,1,0,0,0,0,0,1,0,0,0,0,0,0,0,0,0,0,0,1,0,0,1,0,0,0,0,0,0
139,179.0,51.0,18.0,38.0,302585.0,99.0,0.0,0.0,1.0,0.0,0.0,89.0,170.0,31.0,8.0,0,1,0,0,0,0,1,0,0,0,0,0,0,0,0,0,0,0,1,0,0,1,0,0,0,0,0,0
140,155.0,12.0,14.0,34.0,302585.0,99.0,0.0,0.0,1.0,0.0,0.0,95.0,196.0,25.0,2.0,0,0,0,0,1,0,1,0,0,0,0,0,0,0,0,0,0,0,0,1,0,1,0,0,0,1,0,0
141,189.0,29.0,13.0,33.0,302585.0,99.0,0.0,0.0,0.0,0.0,2.0,69.0,167.0,25.0,8.0,0,0,0,0,1,0,1,0,0,0,0,0,0,0,0,0,0,0,0,1,0,1,0,0,0,1,0,0
142,260.0,50.0,11.0,36.0,302585.0,99.0,0.0,0.0,1.0,0.0,0.0,65.0,168.0,23.0,2.0,0,0,0,0,1,0,1,0,0,0,0,0,0,0,0,0,0,0,0,0,1,1,0,0,0,0,0,1
143,289.0,36.0,13.0,33.0,302585.0,99.0,0.0,0.0,1.0,0.0,1.0,90.0,172.0,30.0,8.0,0,0,0,0,1,0,1,0,0,0,0,0,0,0,0,0,0,0,0,0,1,1,0,0,0,1,0,0
144,388.0,15.0,9.0,50.0,302585.0,99.0,0.0,0.0,0.0,0.0,0.0,76.0,178.0,24.0,8.0,0,1,0,0,0,0,1,0,0,0,0,0,0,0,0,0,0,0,0,0,0,1,0,0,0,0,0,0
145,388.0,15.0,9.0,50.0,302585.0,99.0,0.0,0.0,0.0,0.0,0.0,76.0,178.0,24.0,8.0,1,0,0,0,0,0,1,0,0,0,0,0,0,0,0,0,0,1,0,0,0,1,0,0,0,0,0,0
146,225.0,26.0,9.0,28.0,302585.0,99.0,0.0,0.0,0.0,0.0,2.0,69.0,169.0,144.9275362318841,2.0,0,0,0,0,1,0,1,0,0,0,0,0,0,0,0,0,0,0,0,0,0,1,0,0,1,0,0,0
147,225.0,26.0,9.0,28.0,302585.0,99.0,0.0,0.0,0.0,0.0,2.0,69.0,169.0,24.0,2.0,0,0,0,0,1,0,1,0,0,0,0,0,0,0,0,0,0,1,0,0,0,1,0,0,1,0,0,0
148,179.0,26.0,9.0,30.0,302585.0,99.0,0.0,1.0,0.0,0.0,0.0,56.0,171.0,19.0,1.0,0,0,0,0,1,0,1,0,0,0,0,0,0,0,0,0,0,1,0,0,0,1,0,0,0,0,0,0
149,184.0,42.0,7.0,27.0,302585.0,99.0,0.0,0.0,0.0,0.0,0.0,58.0,167.0,21.0,8.0,0,0,0,0,1,0,1,0,0,0,0,0,0,0,0,0,0,1,0,0,0,1,0,0,0,0,0,0
150,225.0,26.0,9.0,28.0,302585.0,99.0,0.0,0.0,0.0,0.0,2.0,69.0,169.0,24.0,3.0,0,0,0,0,1,0,1,0,0,0,0,0,0,0,0,0,0,0,0,1,0,1,0,0,1,0,0,0
151,330.0,16.0,4.0,28.0,302585.0,99.0,0.0,1.0,0.0,0.0,0.0,84.0,182.0,25.0,8.0,0,0,0,1,0,0,1,0,0,0,0,0,0,0,0,0,0,0,0,0,0,1,0,0,0,0,0,0
152,330.0,16.0,4.0,28.0,302585.0,99.0,0.0,1.0,0.0,0.0,0.0,84.0,182.0,119.04761904761907,1.0,0,0,0,0,1,0,1,0,0,0,0,0,0,0,0,0,0,1,0,0,0,1,0,0,0,0,0,0
153,225.0,26.0,9.0,28.0,302585.0,99.0,0.0,0.0,0.0,0.0,2.0,69.0,169.0,144.9275362318841,1.0,0,0,0,0,1,0,1,0,0,0,0,0,0,0,0,0,0,0,1,0,0,1,0,0,1,0,0,0
154,189.0,29.0,13.0,33.0,302585.0,99.0,0.0,0.0,0.0,0.0,2.0,69.0,167.0,25.0,8.0,0,0,0,1,0,0,1,0,0,0,0,0,0,0,0,0,0,0,0,1,0,1,0,0,0,1,0,0
155,291.0,50.0,12.0,32.0,343253.0,95.0,0.0,0.0,1.0,0.0,0.0,65.0,169.0,23.0,2.0,0,0,0,0,1,0,0,1,0,0,0,0,0,0,0,0,0,1,0,0,0,1,0,0,0,0,0,0
156,260.0,50.0,11.0,36.0,343253.0,95.0,0.0,0.0,1.0,0.0,0.0,65.0,168.0,23.0,8.0,0,0,0,1,0,0,0,1,0,0,0,0,0,0,0,0,0,1,0,0,0,1,0,0,0,0,0,1
157,157.0,27.0,6.0,29.0,343253.0,95.0,0.0,0.0,1.0,1.0,0.0,75.0,185.0,22.0,3.0,0,0,0,1,0,0,0,1,0,0,0,0,0,0,0,0,0,1,0,0,0,1,0,0,0,0,0,0
158,179.0,22.0,17.0,40.0,343253.0,95.0,0.0,1.0,0.0,1.0,0.0,63.0,170.0,158.7301587301587,8.0,0,0,1,0,0,0,0,1,0,0,0,0,0,0,0,0,0,1,0,0,0,1,0,0,0,1,0,0
159,291.0,31.0,12.0,40.0,343253.0,95.0,0.0,0.0,1.0,0.0,1.0,73.0,171.0,136.98630136986304,8.0,0,0,0,0,1,0,0,1,0,0,0,0,0,0,0,0,0,0,1,0,0,1,0,0,1,0,0,0
160,260.0,50.0,11.0,36.0,343253.0,95.0,0.0,0.0,1.0,0.0,0.0,65.0,168.0,153.84615384615384,8.0,0,1,0,0,0,0,0,1,0,0,0,0,0,0,0,0,0,0,1,0,0,1,0,0,0,0,0,1
161,179.0,26.0,9.0,30.0,343253.0,95.0,0.0,1.0,0.0,0.0,0.0,56.0,171.0,178.57142857142856,8.0,0,1,0,0,0,0,0,1,0,0,0,0,0,0,0,0,0,0,0,1,0,1,0,0,0,0,0,0
162,248.0,25.0,14.0,47.0,343253.0,95.0,0.0,0.0,0.0,0.0,1.0,86.0,165.0,32.0,3.0,0,1,0,0,0,0,0,1,0,0,0,0,0,0,0,0,0,0,0,0,1,1,0,0,0,1,0,0
163,260.0,50.0,11.0,36.0,343253.0,95.0,0.0,0.0,1.0,0.0,0.0,65.0,168.0,23.0,40.0,0,1,0,0,0,0,0,1,0,0,0,0,0,0,0,0,0,0,0,0,1,1,0,0,0,0,0,1
164,179.0,22.0,17.0,40.0,343253.0,95.0,0.0,1.0,0.0,1.0,0.0,63.0,170.0,22.0,40.0,0,1,0,0,0,0,0,1,0,0,0,0,0,0,0,0,0,0,0,0,0,1,0,0,0,1,0,0
165,155.0,12.0,14.0,34.0,343253.0,95.0,0.0,0.0,1.0,0.0,0.0,95.0,196.0,25.0,16.0,1,0,0,0,0,0,0,1,0,0,0,0,0,0,0,0,0,0,0,0,0,1,0,0,0,1,0,0
166,260.0,50.0,11.0,36.0,343253.0,95.0,0.0,0.0,1.0,0.0,0.0,65.0,168.0,23.0,16.0,0,0,0,0,1,0,0,1,0,0,0,0,0,0,0,0,0,0,0,0,0,1,0,0,0,0,0,1
167,155.0,12.0,14.0,34.0,343253.0,95.0,0.0,0.0,1.0,0.0,0.0,95.0,196.0,25.0,8.0,0,1,0,0,0,0,0,1,0,0,0,0,0,0,0,0,0,1,0,0,0,1,0,0,0,1,0,0
168,289.0,36.0,13.0,33.0,343253.0,95.0,0.0,0.0,1.0,0.0,1.0,90.0,172.0,30.0,8.0,0,1,0,0,0,0,0,1,0,0,0,0,0,0,0,0,0,0,0,1,0,1,0,0,0,1,0,0
169,179.0,22.0,17.0,40.0,343253.0,95.0,0.0,1.0,0.0,1.0,0.0,63.0,170.0,22.0,8.0,0,1,0,0,0,0,0,1,0,0,0,0,0,0,0,0,0,0,0,1,0,1,0,0,0,1,0,0
170,260.0,50.0,11.0,36.0,343253.0,95.0,0.0,0.0,1.0,0.0,0.0,65.0,168.0,23.0,4.0,0,0,0,0,1,0,0,1,0,0,0,0,0,0,0,0,0,0,0,0,1,1,0,0,0,0,0,1
171,225.0,26.0,9.0,28.0,343253.0,95.0,0.0,0.0,0.0,0.0,2.0,69.0,169.0,24.0,1.0,0,0,0,0,1,0,0,1,0,0,0,0,0,0,0,0,0,0,0,0,1,1,0,0,1,0,0,0
172,279.0,5.0,14.0,39.0,343253.0,95.0,0.0,0.0,1.0,1.0,0.0,68.0,168.0,24.0,8.0,0,1,0,0,0,0,0,1,0,0,0,0,0,0,0,0,0,0,0,0,0,1,0,0,0,1,0,0
173,179.0,51.0,18.0,38.0,343253.0,95.0,0.0,0.0,1.0,0.0,0.0,89.0,170.0,31.0,24.0,0,1,0,0,0,0,0,1,0,0,0,0,0,0,0,0,0,1,0,0,0,1,0,0,0,0,0,0
174,225.0,26.0,9.0,28.0,343253.0,95.0,0.0,0.0,0.0,0.0,2.0,69.0,169.0,24.0,2.0,0,0,0,0,1,0,0,1,0,0,0,0,0,0,0,0,0,0,1,0,0,1,0,0,1,0,0,0
175,225.0,26.0,9.0,28.0,343253.0,95.0,0.0,0.0,0.0,0.0,2.0,69.0,169.0,24.0,8.0,0,1,0,0,0,0,0,1,0,0,0,0,0,0,0,0,0,0,0,0,0,0,1,0,1,0,0,0
176,179.0,26.0,9.0,30.0,343253.0,95.0,0.0,1.0,0.0,0.0,0.0,56.0,171.0,19.0,1.0,0,1,0,0,0,0,0,1,0,0,0,0,0,0,0,0,0,0,0,0,0,0,1,0,0,0,0,0
177,225.0,26.0,9.0,28.0,343253.0,95.0,0.0,0.0,0.0,0.0,2.0,69.0,169.0,24.0,8.0,0,1,0,0,0,0,0,1,0,0,0,0,0,0,0,0,0,1,0,0,0,0,1,0,1,0,0,0
178,225.0,26.0,9.0,28.0,343253.0,95.0,0.0,0.0,0.0,0.0,2.0,69.0,169.0,24.0,16.0,0,1,0,0,0,0,0,1,0,0,0,0,0,0,0,0,0,0,1,0,0,0,1,0,1,0,0,0
179,179.0,51.0,18.0,38.0,343253.0,95.0,0.0,0.0,1.0,0.0,0.0,89.0,170.0,31.0,3.0,0,1,0,0,0,0,0,1,0,0,0,0,0,0,0,0,0,0,1,0,0,0,1,0,0,0,0,0
180,279.0,5.0,14.0,39.0,343253.0,95.0,0.0,0.0,1.0,1.0,0.0,68.0,168.0,24.0,16.0,0,1,0,0,0,0,0,1,0,0,0,0,0,0,0,0,0,0,0,1,0,0,1,0,0,1,0,0
181,225.0,26.0,9.0,28.0,343253.0,95.0,0.0,0.0,0.0,0.0,2.0,69.0,169.0,24.0,2.0,0,0,0,0,1,0,0,1,0,0,0,0,0,0,0,0,0,0,0,0,1,0,1,0,1,0,0,0
182,248.0,25.0,14.0,47.0,343253.0,95.0,0.0,0.0,0.0,0.0,1.0,86.0,165.0,32.0,3.0,0,1,0,0,0,0,0,1,0,0,0,0,0,0,0,0,0,0,0,0,1,0,1,0,0,1,0,0
183,225.0,26.0,9.0,28.0,343253.0,95.0,0.0,0.0,0.0,0.0,2.0,69.0,169.0,24.0,1.0,0,0,0,0,1,0,0,1,0,0,0,0,0,0,0,0,0,0,0,0,0,0,1,0,1,0,0,0
184,291.0,31.0,12.0,40.0,326452.0,96.0,0.0,0.0,1.0,0.0,1.0,73.0,171.0,25.0,1.0,0,0,0,0,1,0,0,0,1,0,0,0,0,0,0,0,0,0,1,0,0,0,1,0,1,0,0,0
185,225.0,26.0,9.0,28.0,326452.0,96.0,0.0,0.0,0.0,0.0,2.0,69.0,169.0,24.0,1.0,0,0,0,0,1,0,0,0,1,0,0,0,0,0,0,0,0,0,1,0,0,0,1,0,1,0,0,0
186,155.0,12.0,14.0,34.0,326452.0,96.0,0.0,0.0,1.0,0.0,0.0,95.0,196.0,25.0,1.0,0,0,0,0,1,0,0,0,1,0,0,0,0,0,0,0,0,1,0,0,0,0,1,0,0,1,0,0
187,246.0,25.0,16.0,41.0,326452.0,96.0,0.0,0.0,1.0,0.0,0.0,67.0,170.0,23.0,24.0,0,1,0,0,0,0,0,0,1,0,0,0,0,0,0,0,0,0,1,0,0,0,1,0,0,0,0,0
188,155.0,12.0,14.0,34.0,326452.0,96.0,0.0,0.0,1.0,0.0,0.0,95.0,196.0,25.0,1.0,0,0,0,0,1,0,0,0,1,0,0,0,0,0,0,0,0,0,0,1,0,0,1,0,0,1,0,0
189,225.0,26.0,9.0,28.0,326452.0,96.0,0.0,0.0,0.0,0.0,2.0,69.0,169.0,24.0,2.0,0,0,0,0,1,0,0,0,1,0,0,0,0,0,0,0,0,0,0,0,1,0,1,0,1,0,0,0
190,260.0,50.0,11.0,36.0,326452.0,96.0,0.0,0.0,1.0,0.0,0.0,65.0,168.0,23.0,4.0,0,0,0,0,1,0,0,0,1,0,0,0,0,0,0,0,0,0,0,0,1,0,1,0,0,0,0,1
191,179.0,51.0,18.0,38.0,326452.0,96.0,0.0,0.0,1.0,0.0,0.0,89.0,170.0,31.0,24.0,0,1,0,0,0,0,0,0,1,0,0,0,0,0,0,0,0,0,1,0,0,0,1,0,0,0,0,0
192,118.0,13.0,18.0,50.0,326452.0,96.0,0.0,0.0,1.0,0.0,0.0,98.0,178.0,31.0,1.0,0,0,0,0,1,0,0,0,1,0,0,0,0,0,0,0,0,0,0,1,0,0,1,0,1,0,0,0
193,291.0,31.0,12.0,40.0,326452.0,96.0,0.0,0.0,1.0,0.0,1.0,73.0,171.0,25.0,3.0,0,0,0,0,1,0,0,0,1,0,0,0,0,0,0,0,0,0,0,0,1,0,1,0,1,0,0,0
194,246.0,25.0,16.0,41.0,326452.0,96.0,0.0,0.0,1.0,0.0,0.0,67.0,170.0,23.0,8.0,0,1,0,0,0,0,0,0,1,0,0,0,0,0,0,0,0,0,0,0,1,0,1,0,0,0,0,0
195,291.0,31.0,12.0,40.0,326452.0,96.0,0.0,0.0,1.0,0.0,1.0,73.0,171.0,25.0,1.0,0,0,0,0,1,0,0,0,1,0,0,0,0,0,0,0,0,0,0,0,1,0,1,0,1,0,0,0
196,248.0,25.0,14.0,47.0,326452.0,96.0,0.0,0.0,0.0,0.0,1.0,86.0,165.0,32.0,8.0,0,0,0,0,1,0,0,0,1,0,0,0,0,0,0,0,0,0,0,0,1,0,1,0,0,1,0,0
197,260.0,50.0,11.0,36.0,326452.0,96.0,0.0,0.0,1.0,0.0,0.0,65.0,168.0,23.0,56.0,0,0,0,1,0,0,0,0,1,0,0,0,0,0,0,0,0,0,0,0,1,0,1,0,0,0,0,1
198,289.0,36.0,13.0,33.0,326452.0,96.0,0.0,0.0,1.0,0.0,1.0,90.0,172.0,30.0,8.0,0,0,0,1,0,0,0,0,1,0,0,0,0,0,0,0,0,1,0,0,0,0,1,0,0,1,0,0
199,155.0,12.0,14.0,34.0,326452.0,96.0,0.0,0.0,1.0,0.0,0.0,95.0,196.0,25.0,24.0,0,1,0,0,0,0,0,0,1,0,0,0,0,0,0,0,0,0,1,0,0,0,1,0,0,1,0,0
200,378.0,49.0,11.0,36.0,326452.0,96.0,0.0,0.0,0.0,1.0,4.0,65.0,174.0,21.0,8.0,0,0,0,1,0,0,0,0,1,0,0,0,0,0,0,0,0,0,1,0,0,0,1,0,0,1,0,0
201,289.0,36.0,13.0,33.0,326452.0,96.0,0.0,0.0,1.0,0.0,1.0,90.0,172.0,30.0,16.0,0,1,0,0,0,0,0,0,1,0,0,0,0,0,0,0,0,0,0,1,0,0,1,0,0,1,0,0
202,235.0,11.0,14.0,37.0,326452.0,96.0,0.0,1.0,0.0,0.0,1.0,88.0,172.0,29.0,3.0,0,1,0,0,0,0,0,0,1,0,0,0,0,0,0,0,0,0,0,0,1,0,1,0,1,0,0,0
203,235.0,29.0,12.0,48.0,326452.0,96.0,1.0,0.0,0.0,1.0,5.0,88.0,163.0,33.0,0.0,0,0,0,0,0,0,0,0,1,0,0,0,0,0,0,0,0,0,0,0,0,0,1,0,1,0,0,0
204,289.0,36.0,13.0,33.0,378884.0,92.0,0.0,0.0,1.0,0.0,1.0,90.0,172.0,30.0,8.0,0,1,0,0,0,0,0,0,0,1,0,0,0,0,0,0,0,0,1,0,0,0,1,0,0,1,0,0
205,155.0,12.0,14.0,34.0,378884.0,92.0,0.0,0.0,1.0,0.0,0.0,95.0,196.0,25.0,2.0,0,0,0,0,1,0,0,0,0,1,0,0,0,0,0,0,0,0,0,1,0,0,1,0,0,1,0,0
206,155.0,12.0,14.0,34.0,378884.0,92.0,0.0,0.0,1.0,0.0,0.0,95.0,196.0,25.0,1.0,0,0,0,0,1,0,0,0,0,1,0,0,0,0,0,0,0,0,0,0,0,0,1,0,0,1,0,0
207,179.0,51.0,18.0,38.0,378884.0,92.0,0.0,0.0,1.0,0.0,0.0,89.0,170.0,31.0,8.0,0,0,0,1,0,0,0,0,0,1,0,0,0,0,0,0,0,1,0,0,0,0,1,0,0,0,0,0
208,225.0,26.0,9.0,28.0,378884.0,92.0,0.0,0.0,0.0,0.0,2.0,69.0,169.0,24.0,8.0,0,0,0,1,0,0,0,0,0,1,0,0,0,0,0,0,0,1,0,0,0,0,1,0,1,0,0,0
209,184.0,42.0,7.0,27.0,378884.0,92.0,0.0,0.0,0.0,0.0,0.0,58.0,167.0,21.0,4.0,0,1,0,0,0,0,0,0,0,1,0,0,0,0,0,0,0,0,1,0,0,0,1,0,0,0,0,0
210,155.0,12.0,14.0,34.0,378884.0,92.0,0.0,0.0,1.0,0.0,0.0,95.0,196.0,25.0,2.0,0,0,0,0,1,0,0,0,0,1,0,0,0,0,0,0,0,0,0,0,0,0,1,0,0,1,0,0
211,179.0,51.0,18.0,38.0,378884.0,92.0,0.0,0.0,1.0,0.0,0.0,89.0,170.0,31.0,1.0,0,1,0,0,0,0,0,0,0,1,0,0,0,0,0,0,0,1,0,0,0,0,1,0,0,0,0,0
212,289.0,36.0,13.0,33.0,378884.0,92.0,0.0,0.0,1.0,0.0,1.0,90.0,172.0,30.0,24.0,0,1,0,0,0,0,0,0,0,1,0,0,0,0,0,0,0,0,1,0,0,0,1,0,0,1,0,0
213,279.0,5.0,14.0,39.0,378884.0,92.0,1.0,0.0,1.0,1.0,0.0,68.0,168.0,24.0,0.0,0,0,0,0,0,0,0,0,0,1,0,0,0,0,0,0,0,0,1,0,0,0,1,0,0,1,0,0
214,330.0,16.0,4.0,28.0,378884.0,92.0,1.0,1.0,0.0,0.0,0.0,84.0,182.0,25.0,0.0,0,0,0,0,0,0,0,0,0,1,0,0,0,0,0,0,0,0,1,0,0,0,1,0,0,0,0,0
215,378.0,49.0,11.0,36.0,378884.0,92.0,1.0,0.0,0.0,1.0,4.0,65.0,174.0,21.0,10.0,0,0,0,0,0,0,0,0,0,1,0,0,0,0,0,0,0,0,1,0,0,0,1,0,0,1,0,0
216,388.0,15.0,9.0,50.0,378884.0,92.0,1.0,0.0,0.0,0.0,0.0,76.0,178.0,24.0,0.0,0,0,0,0,0,0,0,0,0,1,0,0,0,0,0,0,0,0,1,0,0,0,1,0,0,0,0,0
217,179.0,51.0,18.0,38.0,378884.0,92.0,0.0,0.0,1.0,0.0,0.0,89.0,170.0,31.0,1.0,0,1,0,0,0,0,0,0,0,1,0,0,0,0,0,0,0,1,0,0,0,0,1,0,0,0,0,0
218,118.0,13.0,18.0,50.0,378884.0,92.0,0.0,0.0,1.0,0.0,0.0,98.0,178.0,31.0,24.0,0,1,0,0,0,0,0,0,0,1,0,0,0,0,0,0,0,0,1,0,0,0,1,0,1,0,0,0
219,361.0,52.0,3.0,28.0,264604.0,92.0,0.0,0.0,1.0,0.0,4.0,80.0,172.0,27.0,10.0,0,0,0,0,1,0,0,0,0,1,0,0,0,0,0,0,0,0,0,0,1,0,1,0,1,0,0,0
220,246.0,25.0,16.0,36.44662921348315,377550.0,94.0,0.0,0.0,1.0,0.0,0.0,67.0,170.0,149.25373134328356,8.0,0,0,0,1,0,0,0,0,0,0,1,0,0,0,0,0,0,0,0,0,0,0,1,0,0,0,0,0
221,361.0,52.0,3.0,28.0,377550.0,94.0,0.0,0.0,1.0,0.0,4.0,80.0,172.0,27.0,8.0,0,0,0,0,1,0,0,0,0,0,1,0,0,0,0,0,0,0,0,0,0,0,1,0,1,0,0,0
222,246.0,25.0,16.0,41.0,377550.0,94.0,0.0,0.0,1.0,0.0,0.0,67.0,170.0,23.0,24.0,0,1,0,0,0,0,0,0,0,0,1,0,0,0,0,0,0,1,0,0,0,0,1,0,0,0,0,0
223,291.0,31.0,12.0,40.0,377550.0,94.0,0.0,0.0,1.0,0.0,1.0,73.0,171.0,25.0,4.0,0,0,0,0,1,0,0,0,0,0,1,0,0,0,0,0,0,0,0,1,0,0,1,0,1,0,0,0
224,246.0,25.0,16.0,36.44662921348315,377550.0,94.0,0.0,0.0,1.0,0.0,0.0,67.0,170.0,23.0,10.0,0,1,0,0,0,0,0,0,0,0,1,0,0,0,0,0,0,0,0,0,1,0,1,0,0,0,0,0
225,179.0,51.0,18.0,38.0,377550.0,94.0,0.0,0.0,1.0,0.0,0.0,89.0,170.0,31.0,8.0,0,1,0,0,0,0,0,0,0,0,1,0,0,0,0,0,0,0,0,0,0,0,1,0,0,0,0,0
226,155.0,12.0,14.0,34.0,377550.0,94.0,0.0,0.0,1.0,0.0,0.0,95.0,196.0,25.0,4.0,0,0,0,0,1,0,0,0,0,0,1,0,0,0,0,0,0,0,0,0,0,0,1,0,0,1,0,0
227,246.0,25.0,16.0,41.0,377550.0,94.0,0.0,0.0,1.0,0.0,0.0,67.0,170.0,23.0,8.0,0,1,0,0,0,0,0,0,0,0,1,0,0,0,0,0,0,0,0,0,0,0,1,0,0,0,0,0
228,118.0,13.0,18.0,50.0,377550.0,94.0,0.0,0.0,1.0,0.0,0.0,98.0,178.0,31.0,8.0,0,1,0,0,0,0,0,0,0,0,1,0,0,0,0,0,0,0,1,0,0,0,1,0,1,0,0,0
229,235.0,11.0,14.0,37.0,377550.0,94.0,0.0,1.0,0.0,0.0,1.0,88.0,172.0,29.0,16.0,0,1,0,0,0,0,0,0,0,0,1,0,0,0,0,0,0,0,0,0,1,0,1,0,1,0,0,0
230,118.0,13.0,18.0,50.0,377550.0,94.0,0.0,0.0,1.0,0.0,0.0,98.0,178.0,31.0,1.0,0,0,0,0,1,0,0,0,0,0,1,0,0,0,0,0,0,1,0,0,0,0,1,0,1,0,0,0
231,118.0,13.0,18.0,50.0,377550.0,94.0,0.0,0.0,1.0,0.0,0.0,98.0,178.0,31.0,80.0,0,1,0,0,0,0,0,0,0,0,1,0,0,0,0,0,0,0,1,0,0,0,1,0,1,0,0,0
232,378.0,49.0,11.0,36.0,377550.0,94.0,0.0,0.0,0.0,1.0,4.0,65.0,174.0,21.0,8.0,0,0,0,0,1,0,0,0,0,0,1,0,0,0,0,0,0,0,0,1,0,0,1,0,0,1,0,0
233,179.0,51.0,18.0,38.0,377550.0,94.0,0.0,0.0,1.0,0.0,0.0,89.0,170.0,31.0,2.0,0,1,0,0,0,0,0,0,0,0,1,0,0,0,0,0,0,0,0,0,1,0,1,0,0,0,0,0
234,289.0,48.0,29.0,49.0,377550.0,94.0,0.0,0.0,0.0,0.0,2.0,108.0,172.0,36.0,2.0,0,0,0,0,1,0,0,0,0,0,1,0,0,0,0,0,0,0,0,0,0,0,0,0,0,0,0,0
235,225.0,26.0,9.0,28.0,377550.0,94.0,0.0,0.0,0.0,0.0,2.0,69.0,169.0,24.0,2.0,0,0,0,0,1,0,0,0,0,0,1,0,0,0,0,0,0,0,0,1,0,0,0,0,1,0,0,0
236,155.0,12.0,14.0,34.0,275312.0,98.0,0.0,0.0,1.0,0.0,0.0,95.0,196.0,25.0,16.0,0,0,0,1,0,0,0,0,0,0,0,1,0,0,0,0,0,1,0,0,0,0,0,0,0,1,0,0
237,118.0,13.0,18.0,50.0,275312.0,98.0,0.0,0.0,1.0,0.0,0.0,98.0,178.0,31.0,8.0,1,0,0,0,0,0,0,0,0,0,0,1,0,0,0,0,0,0,1,0,0,0,0,0,1,0,0,0
238,118.0,10.0,10.0,37.0,275312.0,98.0,0.0,0.0,0.0,0.0,0.0,83.0,172.0,28.0,8.0,1,0,0,0,0,0,0,0,0,0,0,1,0,0,0,0,0,0,0,0,1,0,0,0,0,0,0,0
239,118.0,10.0,10.0,37.0,275312.0,98.0,0.0,0.0,0.0,0.0,0.0,83.0,172.0,28.0,4.0,0,0,0,0,1,0,0,0,0,0,0,1,0,0,0,0,0,0,0,0,1,0,0,0,0,0,0,0
240,330.0,16.0,4.0,28.0,275312.0,98.0,0.0,1.0,0.0,0.0,0.0,84.0,182.0,25.0,8.0,0,0,0,0,1,0,0,0,0,0,0,1,0,0,0,0,0,1,0,0,0,0,0,0,0,0,0,0
241,179.0,26.0,9.0,30.0,275312.0,98.0,0.0,1.0,0.0,0.0,0.0,56.0,171.0,19.0,8.0,0,0,0,1,0,0,0,0,0,0,0,1,0,0,0,0,0,0,0,1,0,0,0,0,0,0,0,0
242,155.0,12.0,14.0,34.0,275312.0,98.0,0.0,0.0,1.0,0.0,0.0,95.0,196.0,25.0,2.0,0,0,0,0,1,0,0,0,0,0,0,1,0,0,0,0,0,0,0,0,1,0,0,0,0,1,0,0
243,330.0,16.0,4.0,28.0,275312.0,98.0,0.0,1.0,0.0,0.0,0.0,84.0,182.0,25.0,8.0,1,0,0,0,0,0,0,0,0,0,0,1,0,0,0,0,0,0,0,0,0,0,0,0,0,0,0,0
244,330.0,16.0,4.0,28.0,275312.0,98.0,0.0,1.0,0.0,0.0,0.0,84.0,182.0,25.0,8.0,1,0,0,0,0,0,0,0,0,0,0,1,0,0,0,0,0,1,0,0,0,0,0,0,0,0,0,0
245,157.0,27.0,6.0,29.0,275312.0,98.0,0.0,0.0,1.0,1.0,0.0,75.0,185.0,22.0,3.0,0,0,0,0,1,0,0,0,0,0,0,1,0,0,0,0,0,0,0,0,0,0,0,0,0,0,0,0
246,361.0,52.0,3.0,28.0,275312.0,98.0,0.0,0.0,1.0,0.0,4.0,80.0,172.0,27.0,8.0,0,0,0,0,1,0,0,0,0,0,0,1,0,0,0,0,0,1,0,0,0,0,0,0,1,0,0,0
247,289.0,36.0,13.0,33.0,275312.0,98.0,0.0,0.0,1.0,0.0,1.0,90.0,172.0,30.0,8.0,0,0,0,0,1,0,0,0,0,0,0,1,0,0,0,0,0,0,1,0,0,0,0,0,0,1,0,0
248,179.0,51.0,18.0,38.0,275312.0,98.0,0.0,0.0,1.0,0.0,0.0,89.0,170.0,31.0,8.0,0,0,0,0,1,0,0,0,0,0,0,1,0,0,0,0,0,0,0,1,0,0,0,0,0,0,0,0
249,289.0,36.0,13.0,33.0,275312.0,98.0,0.0,0.0,1.0,0.0,1.0,90.0,172.0,30.0,32.0,0,0,0,1,0,0,0,0,0,0,0,1,0,0,0,0,0,0,0,0,0,0,0,0,0,1,0,0
250,289.0,36.0,13.0,33.0,275312.0,98.0,0.0,0.0,1.0,0.0,1.0,90.0,172.0,30.0,8.0,0,0,0,1,0,0,0,0,0,0,0,1,0,0,0,0,0,0,0,1,0,0,0,0,0,1,0,0
251,260.0,50.0,11.0,36.0,275312.0,98.0,1.0,0.0,1.0,0.0,0.0,65.0,168.0,23.0,0.0,0,0,0,0,0,0,0,0,0,0,0,1,0,0,0,0,0,0,0,1,0,0,0,0,0,0,0,1
252,289.0,36.0,13.0,33.0,265615.0,94.0,0.0,0.0,1.0,0.0,1.0,90.0,172.0,30.0,8.0,0,0,0,1,0,0,0,0,0,0,0,0,1,0,0,0,0,0,0,0,1,0,0,0,0,1,0,0
253,157.0,27.0,6.0,29.0,265615.0,94.0,0.0,0.0,1.0,1.0,0.0,75.0,185.0,22.0,3.0,0,0,0,1,0,0,0,0,0,0,0,0,1,0,0,0,0,0,0,0,1,0,0,0,0,0,0,0
254,289.0,36.0,13.0,33.0,265615.0,94.0,0.0,0.0,1.0,0.0,1.0,90.0,172.0,30.0,1.0,0,0,0,0,1,0,0,0,0,0,0,0,1,0,0,0,0,0,0,0,0,0,0,0,0,1,0,0
255,228.0,14.0,16.0,58.0,265615.0,94.0,0.0,0.0,0.0,0.0,1.0,65.0,172.0,22.0,8.0,0,0,0,1,0,0,0,0,0,0,0,0,1,0,0,0,0,1,0,0,0,0,0,0,0,1,0,0
256,300.0,26.0,13.0,43.0,265615.0,94.0,0.0,0.0,1.0,1.0,1.0,77.0,175.0,25.0,1.0,0,1,0,0,0,0,0,0,0,0,0,0,1,0,0,0,0,0,0,1,0,0,0,0,0,1,0,0
257,300.0,26.0,13.0,43.0,265615.0,94.0,0.0,0.0,1.0,1.0,1.0,77.0,175.0,25.0,2.0,0,1,0,0,0,0,0,0,0,0,0,0,1,0,0,0,0,0,0,1,0,0,0,0,0,1,0,0
258,260.0,50.0,11.0,36.0,265615.0,94.0,0.0,0.0,1.0,0.0,0.0,65.0,168.0,23.0,4.0,0,0,0,0,1,0,0,0,0,0,0,0,1,0,0,0,0,0,0,0,1,0,0,0,0,0,0,1
259,289.0,36.0,13.0,33.0,265615.0,94.0,0.0,0.0,1.0,0.0,1.0,90.0,172.0,30.0,4.0,0,0,0,0,1,0,0,0,0,0,0,0,1,0,0,0,0,1,0,0,0,0,0,0,0,1,0,0
260,248.0,25.0,14.0,47.0,265615.0,94.0,0.0,0.0,0.0,0.0,1.0,86.0,165.0,32.0,1.0,0,0,0,0,1,0,0,0,0,0,0,0,1,0,0,0,0,0,1,0,0,0,0,0,0,1,0,0
261,268.0,11.0,8.0,33.0,265615.0,94.0,0.0,1.0,0.0,0.0,0.0,79.0,178.0,25.0,8.0,0,1,0,0,0,0,0,0,0,0,0,0,1,0,0,0,0,0,0,1,0,0,0,0,0,0,0,0
262,179.0,26.0,9.0,30.0,265615.0,94.0,0.0,1.0,0.0,0.0,0.0,56.0,171.0,19.0,1.0,0,0,0,0,1,0,0,0,0,0,0,0,1,0,0,0,0,0,0,1,0,0,0,0,0,0,0,0
263,118.0,13.0,18.0,50.0,265615.0,94.0,0.0,0.0,1.0,0.0,0.0,98.0,178.0,31.0,3.0,0,1,0,0,0,0,0,0,0,0,0,0,1,0,0,0,0,0,0,1,0,0,0,0,1,0,0,0
264,248.0,25.0,14.0,47.0,265615.0,94.0,0.0,0.0,0.0,0.0,1.0,86.0,165.0,32.0,2.0,0,0,0,0,1,0,0,0,0,0,0,0,1,0,0,0,0,0,0,0,0,0,0,0,0,1,0,0
265,235.0,11.0,14.0,37.0,265615.0,94.0,0.0,1.0,0.0,0.0,1.0,88.0,172.0,29.0,1.0,0,0,0,0,1,0,0,0,0,0,0,0,1,0,0,0,0,1,0,0,0,0,0,0,1,0,0,0
266,118.0,13.0,18.0,50.0,265615.0,94.0,0.0,0.0,1.0,0.0,0.0,98.0,178.0,31.0,1.0,0,0,0,0,1,0,0,0,0,0,0,0,1,0,0,0,0,0,0,1,0,0,0,0,1,0,0,0
267,235.0,11.0,14.0,37.0,265615.0,94.0,0.0,1.0,0.0,0.0,0.0,88.0,172.0,29.0,8.0,0,0,0,1,0,0,0,0,0,0,0,0,1,0,0,0,0,0,0,1,0,0,0,0,1,0,0,0
268,361.0,52.0,3.0,28.0,265615.0,94.0,0.0,0.0,1.0,0.0,4.0,80.0,170.40964183165454,27.0,8.0,0,1,0,0,0,0,0,0,0,0,0,0,1,0,0,0,0,1,0,0,0,0,0,0,1,0,0,0
269,184.0,42.0,7.0,27.0,265615.0,94.0,0.0,0.0,0.0,0.0,0.0,58.0,167.0,21.0,10.0,0,1,0,0,0,0,0,0,0,0,0,0,1,0,0,0,0,0,1,0,0,0,0,0,0,0,0,0
270,179.0,51.0,18.0,38.0,294217.0,81.0,0.0,0.0,1.0,0.0,0.0,89.0,170.0,31.0,8.0,0,1,0,0,0,0,0,0,0,0,0,0,0,1,0,0,0,0,0,0,0,0,0,0,0,0,0,0
271,179.0,51.0,18.0,38.0,294217.0,81.0,0.0,0.0,1.0,0.0,0.0,89.0,170.0,31.0,3.0,0,0,0,0,1,0,0,0,0,0,0,0,0,1,0,0,0,0,0,0,1,0,0,0,0,0,0,0
272,289.0,36.0,13.0,33.0,294217.0,81.0,0.0,0.0,1.0,0.0,1.0,90.0,170.40964183165454,111.1111111111111,24.0,0,0,0,1,0,0,0,0,0,0,0,0,0,1,0,0,0,0,1,0,0,0,0,0,0,1,0,0
273,235.0,20.0,13.0,43.0,294217.0,81.0,1.0,0.0,1.0,0.0,0.0,106.0,170.40964183165454,94.33962264150942,0.0,0,0,0,0,0,0,0,0,0,0,0,0,0,1,0,0,0,0,0,1,0,0,0,0,1,0,0,0
274,246.0,25.0,16.0,41.0,294217.0,81.0,0.0,0.0,1.0,0.0,0.0,67.0,170.0,23.0,16.0,0,1,0,0,0,0,0,0,0,0,0,0,0,1,0,0,0,0,0,0,0,0,0,0,0,0,0,0
275,291.0,31.0,12.0,40.0,294217.0,81.0,0.0,0.0,1.0,0.0,1.0,73.0,171.0,25.0,3.0,0,0,0,0,1,0,0,0,0,0,0,0,0,1,0,0,0,1,0,0,0,0,0,0,1,0,0,0
276,231.0,35.0,14.0,39.0,294217.0,81.0,1.0,0.0,1.0,0.0,2.0,100.0,170.0,35.0,0.0,0,0,0,0,0,0,0,0,0,0,0,0,0,1,0,0,0,1,0,0,0,0,0,0,0,1,0,0
277,291.0,50.0,12.0,32.0,294217.0,81.0,1.0,0.0,1.0,0.0,0.0,65.0,169.0,23.0,0.0,0,0,0,0,0,0,0,0,0,0,0,0,0,1,0,0,0,1,0,0,0,0,0,0,0,0,0,0
278,179.0,51.0,18.0,38.0,294217.0,81.0,0.0,0.0,1.0,0.0,0.0,89.0,170.0,31.0,8.0,0,1,0,0,0,0,0,0,0,0,0,0,0,1,0,0,0,0,1,0,0,0,0,0,0,0,0,0
279,246.0,25.0,16.0,41.0,294217.0,81.0,0.0,0.0,1.0,0.0,0.0,67.0,170.0,23.0,32.0,0,1,0,0,0,0,0,0,0,0,0,0,0,1,0,0,0,0,1,0,0,0,0,0,0,0,0,0
280,179.0,51.0,18.0,38.0,294217.0,81.0,0.0,0.0,1.0,0.0,0.0,89.0,170.0,31.0,1.0,0,0,0,0,1,0,0,0,0,0,0,0,0,1,0,0,0,0,0,1,0,0,0,0,0,0,0,0
281,291.0,31.0,12.0,40.0,294217.0,81.0,0.0,0.0,1.0,0.0,1.0,73.0,171.0,25.0,4.0,0,0,0,0,1,0,0,0,0,0,0,0,0,1,0,0,0,0,0,0,1,0,0,0,1,0,0,0
282,260.0,50.0,11.0,36.0,294217.0,81.0,0.0,0.0,1.0,0.0,0.0,65.0,168.0,23.0,4.0,0,0,0,0,1,0,0,0,0,0,0,0,0,1,0,0,0,0,0,0,1,0,0,0,0,0,0,1
283,235.0,20.0,13.0,43.0,294217.0,81.0,0.0,0.0,1.0,0.0,0.0,106.0,167.0,38.0,8.0,0,0,0,0,1,0,0,0,0,0,0,0,0,1,0,0,0,0,1,0,0,0,0,1,1,0,0,0
284,118.0,13.0,18.0,50.0,294217.0,81.0,0.0,0.0,1.0,0.0,0.0,98.0,178.0,31.0,1.0,0,0,0,0,1,0,0,0,0,0,0,0,0,1,0,0,0,0,0,1,0,0,0,1,1,0,0,0
285,235.0,20.0,13.0,43.0,294217.0,81.0,1.0,0.0,1.0,0.0,0.0,106.0,167.0,38.0,0.0,0,0,0,0,0,0,0,0,0,0,0,0,0,1,0,0,0,0,0,1,0,0,0,1,1,0,0,0
286,291.0,31.0,12.0,40.0,294217.0,81.0,0.0,0.0,1.0,0.0,1.0,73.0,171.0,25.0,3.0,0,0,0,0,1,0,0,0,0,0,0,0,0,1,0,0,0,0,0,0,1,0,0,1,1,0,0,0
287,291.0,31.0,12.0,40.0,294217.0,81.0,0.0,0.0,1.0,0.0,1.0,73.0,171.0,25.0,40.0,0,1,0,0,0,0,0,0,0,0,0,0,0,1,0,0,0,0,0,0,0,0,0,1,1,0,0,0
288,179.0,51.0,18.0,38.0,294217.0,81.0,0.0,0.0,1.0,0.0,0.0,89.0,170.0,31.0,8.0,0,1,0,0,0,0,0,0,0,0,0,0,0,1,0,0,0,0,0,0,0,0,0,1,0,0,0,0
289,289.0,36.0,13.0,33.0,265017.0,88.0,0.0,0.0,1.0,0.0,1.0,90.0,172.0,30.0,8.0,0,0,0,0,1,0,0,0,0,0,0,0,0,0,1,0,0,0,0,0,0,0,0,1,0,1,0,0
290,235.0,11.0,14.0,37.0,265017.0,88.0,0.0,1.0,0.0,0.0,1.0,88.0,172.0,29.0,4.0,0,0,0,0,1,0,0,0,0,0,0,0,0,0,1,0,0,0,0,0,0,0,0,1,1,0,0,0
291,289.0,36.0,13.0,33.0,265017.0,88.0,0.0,0.0,1.0,0.0,1.0,90.0,172.0,30.0,8.0,0,0,0,0,1,0,0,0,0,0,0,0,0,0,1,0,0,0,0,0,0,0,0,1,0,1,0,0
292,289.0,36.0,13.0,33.0,265017.0,88.0,0.0,0.0,1.0,0.0,1.0,90.0,172.0,30.0,8.0,0,0,0,0,1,0,0,0,0,0,0,0,0,0,1,0,0,0,0,0,1,0,0,1,0,1,0,0
293,118.0,13.0,18.0,50.0,265017.0,88.0,1.0,0.0,1.0,0.0,0.0,98.0,178.0,31.0,0.0,0,0,0,0,0,0,0,0,0,0,0,0,0,0,1,0,0,0,0,0,1,0,0,1,1,0,0,0
294,248.0,25.0,14.0,47.0,265017.0,88.0,1.0,0.0,0.0,0.0,1.0,86.0,165.0,32.0,0.0,0,0,0,0,0,0,0,0,0,0,0,0,0,0,1,0,0,0,0,0,1,0,0,1,0,1,0,0
295,179.0,26.0,9.0,30.0,265017.0,88.0,0.0,1.0,0.0,0.0,0.0,56.0,171.0,19.0,8.0,1,0,0,0,0,0,0,0,0,0,0,0,0,0,1,0,0,0,0,0,0,0,0,1,0,0,0,0
296,118.0,10.0,10.0,37.0,265017.0,88.0,0.0,0.0,0.0,0.0,0.0,83.0,172.0,28.0,3.0,0,1,0,0,0,0,0,0,0,0,0,0,0,0,1,0,0,0,0,0,0,0,0,1,0,0,0,0
297,369.0,17.0,12.0,31.0,265017.0,88.0,0.0,0.0,1.0,0.0,0.0,70.0,169.0,25.0,8.0,0,0,0,0,1,0,0,0,0,0,0,0,0,0,1,0,0,0,0,0,0,0,0,1,0,0,1,0
298,179.0,51.0,18.0,38.0,265017.0,88.0,0.0,0.0,1.0,0.0,0.0,89.0,170.0,31.0,1.0,0,0,0,0,1,0,0,0,0,0,0,0,0,0,1,0,0,0,1,0,0,0,0,1,0,0,0,0
299,179.0,26.0,9.0,30.0,265017.0,88.0,0.0,1.0,0.0,0.0,0.0,56.0,171.0,19.0,64.0,1,0,0,0,0,0,0,0,0,0,0,0,0,0,1,0,0,0,1,0,0,0,0,1,0,0,0,0
300,235.0,20.0,13.0,43.0,265017.0,88.0,1.0,0.0,1.0,0.0,0.0,106.0,167.0,38.0,0.0,0,0,0,0,0,0,0,0,0,0,0,0,0,0,1,0,0,0,1,0,0,0,0,1,1,0,0,0
301,289.0,36.0,13.0,33.0,265017.0,88.0,0.0,0.0,1.0,0.0,1.0,90.0,172.0,30.0,16.0,0,0,0,1,0,0,0,0,0,0,0,0,0,0,1,0,0,0,0,1,0,0,0,1,0,1,0,0
302,260.0,50.0,11.0,36.0,265017.0,88.0,0.0,0.0,1.0,0.0,0.0,65.0,168.0,23.0,10.0,0,0,0,0,1,0,0,0,0,0,0,0,0,0,1,0,0,0,0,0,1,0,0,1,0,0,0,1
303,235.0,20.0,13.0,43.0,265017.0,88.0,1.0,0.0,1.0,0.0,0.0,106.0,167.0,38.0,0.0,0,0,0,0,0,0,0,0,0,0,0,0,0,0,1,0,0,0,0,0,1,0,0,1,1,0,0,0
304,235.0,20.0,13.0,43.0,265017.0,88.0,0.0,0.0,1.0,0.0,0.0,106.0,167.0,38.0,2.0,0,0,0,0,1,0,0,0,0,0,0,0,0,0,1,0,0,0,0,0,0,0,0,1,1,0,0,0
306,118.0,13.0,18.0,50.0,265017.0,88.0,0.0,0.0,1.0,0.0,0.0,98.0,178.0,31.0,1.0,0,0,0,0,1,0,0,0,0,0,0,0,0,0,1,0,0,1,0,0,0,0,0,1,1,0,0,0
307,291.0,31.0,12.0,40.0,265017.0,88.0,0.0,0.0,1.0,0.0,1.0,73.0,171.0,25.0,4.0,0,0,0,0,1,0,0,0,0,0,0,0,0,0,1,0,0,1,0,0,0,0,0,1,1,0,0,0
308,179.0,26.0,9.0,30.0,265017.0,88.0,0.0,1.0,0.0,0.0,0.0,56.0,171.0,19.0,16.0,0,0,0,0,1,0,0,0,0,0,0,0,0,0,1,0,0,0,0,1,0,0,0,1,0,0,0,0
309,118.0,13.0,18.0,50.0,265017.0,88.0,0.0,0.0,1.0,0.0,0.0,98.0,178.0,31.0,1.0,0,0,0,0,1,0,0,0,0,0,0,0,0,0,1,0,0,0,0,1,0,0,0,1,1,0,0,0
310,361.0,52.0,3.0,28.0,265017.0,88.0,0.0,0.0,1.0,0.0,4.0,80.0,172.0,27.0,8.0,0,1,0,0,0,0,0,0,0,0,0,0,0,0,1,0,0,0,0,0,0,0,0,1,1,0,0,0
311,260.0,50.0,11.0,36.0,265017.0,88.0,1.0,0.0,1.0,0.0,0.0,65.0,168.0,23.0,0.0,0,0,0,0,0,0,0,0,0,0,0,0,0,0,1,0,0,1,0,0,0,0,0,1,0,0,0,1
312,291.0,31.0,12.0,40.0,265017.0,88.0,1.0,0.0,1.0,0.0,1.0,73.0,171.0,25.0,0.0,0,0,0,0,0,0,0,0,0,0,0,0,0,0,1,0,0,1,0,0,0,0,0,1,1,0,0,0
313,157.0,27.0,6.0,29.0,265017.0,88.0,1.0,0.0,1.0,1.0,0.0,75.0,185.0,22.0,10.0,0,0,0,0,0,0,0,0,0,0,0,0,0,0,1,0,0,1,0,0,0,0,0,1,0,0,0,0
314,179.0,26.0,9.0,30.0,265017.0,88.0,0.0,1.0,0.0,0.0,0.0,56.0,171.0,19.0,5.0,1,0,0,0,0,0,0,0,0,0,0,0,0,0,1,0,0,0,1,0,0,0,0,1,0,0,0,0
315,179.0,26.0,9.0,30.0,265017.0,88.0,0.0,1.0,0.0,0.0,0.0,56.0,171.0,19.0,5.0,0,1,0,0,0,0,0,0,0,0,0,0,0,0,1,0,0,0,1,0,0,0,0,1,0,0,0,0
316,118.0,13.0,18.0,50.0,265017.0,88.0,0.0,0.0,1.0,0.0,0.0,98.0,178.0,31.0,1.0,0,0,0,0,1,0,0,0,0,0,0,0,0,0,1,0,0,0,0,1,0,0,0,1,1,0,0,0
317,118.0,10.0,10.0,37.0,284031.0,97.0,0.0,0.0,0.0,0.0,0.0,83.0,172.0,28.0,8.0,0,1,0,0,0,0,0,0,0,0,0,0,0,0,0,1,0,0,0,0,0,0,0,1,0,0,0,0
318,248.0,25.0,14.0,47.0,284031.0,97.0,0.0,0.0,0.0,0.0,1.0,86.0,165.0,32.0,2.0,0,0,0,0,1,0,0,0,0,0,0,0,0,0,0,1,0,0,0,0,0,0,0,1,0,1,0,0
319,179.0,51.0,18.0,38.0,284031.0,97.0,0.0,0.0,1.0,0.0,0.0,89.0,170.0,31.0,8.0,0,1,0,0,0,0,0,0,0,0,0,0,0,0,0,1,0,1,0,0,0,0,0,1,0,0,0,0
320,260.0,50.0,11.0,36.0,284031.0,97.0,0.0,0.0,1.0,0.0,0.0,65.0,168.0,23.0,3.0,0,0,0,0,1,0,0,0,0,0,0,0,0,0,0,1,0,0,0,0,1,0,0,1,0,0,0,1
321,291.0,31.0,12.0,40.0,284031.0,97.0,0.0,0.0,1.0,0.0,1.0,73.0,171.0,25.0,1.0,0,0,0,0,1,0,0,0,0,0,0,0,0,0,0,1,0,0,0,0,0,0,0,1,1,0,0,0
322,378.0,49.0,11.0,36.0,284031.0,97.0,0.0,0.0,0.0,1.0,4.0,65.0,174.0,21.0,8.0,1,0,0,0,0,0,0,0,0,0,0,0,0,0,0,1,0,0,0,0,0,0,0,1,0,1,0,0
323,155.0,12.0,14.0,34.0,284031.0,97.0,0.0,0.0,1.0,0.0,0.0,95.0,196.0,25.0,10.0,0,1,0,0,0,0,0,0,0,0,0,0,0,0,0,1,0,0,0,0,0,0,0,1,0,1,0,0
324,235.0,20.0,13.0,43.0,284031.0,97.0,0.0,0.0,1.0,0.0,0.0,106.0,167.0,38.0,8.0,0,0,0,0,1,0,0,0,0,0,0,0,0,0,0,1,0,0,0,0,0,0,0,1,1,0,0,0
325,330.0,16.0,4.0,28.0,284031.0,97.0,1.0,1.0,0.0,0.0,0.0,84.0,182.0,25.0,0.0,0,0,0,0,0,0,0,0,0,0,0,0,0,0,0,1,0,1,0,0,0,0,0,1,0,0,0,0
326,235.0,11.0,14.0,37.0,284031.0,97.0,0.0,1.0,0.0,0.0,1.0,88.0,172.0,29.0,1.0,0,0,0,1,0,0,0,0,0,0,0,0,0,0,0,1,0,0,1,0,0,0,0,1,1,0,0,0
327,118.0,10.0,10.0,37.0,284031.0,97.0,0.0,0.0,0.0,0.0,0.0,83.0,172.0,28.0,3.0,0,1,0,0,0,0,0,0,0,0,0,0,0,0,0,1,0,0,1,0,0,0,0,1,0,0,0,0
328,235.0,11.0,14.0,37.0,284031.0,97.0,0.0,1.0,0.0,0.0,1.0,88.0,172.0,29.0,2.0,0,0,0,0,1,0,0,0,0,0,0,0,0,0,0,1,0,0,0,1,0,0,0,1,1,0,0,0
329,179.0,51.0,18.0,38.0,284031.0,97.0,0.0,0.0,1.0,0.0,0.0,89.0,170.0,31.0,3.0,0,0,0,0,1,0,0,0,0,0,0,0,0,0,0,1,0,0,0,1,0,0,0,1,0,0,0,0
330,246.0,25.0,16.0,41.0,284031.0,97.0,0.0,0.0,1.0,0.0,0.0,67.0,170.0,23.0,8.0,0,1,0,0,0,0,0,0,0,0,0,0,0,0,0,1,0,0,0,0,1,0,0,1,0,0,0,0
331,291.0,31.0,12.0,40.0,284031.0,97.0,0.0,0.0,1.0,0.0,1.0,73.0,171.0,25.0,4.0,0,1,0,0,0,0,0,0,0,0,0,0,0,0,0,1,0,0,0,0,1,0,0,1,1,0,0,0
332,246.0,25.0,16.0,41.0,284031.0,97.0,0.0,0.0,1.0,0.0,0.0,67.0,170.0,23.0,8.0,0,1,0,0,0,0,0,0,0,0,0,0,0,0,0,1,0,0,0,0,0,0,0,1,0,0,0,0
333,179.0,51.0,18.0,38.0,284031.0,97.0,0.0,0.0,1.0,0.0,0.0,89.0,170.0,31.0,1.0,0,0,0,0,1,0,0,0,0,0,0,0,0,0,0,1,0,1,0,0,0,0,0,1,0,0,0,0
334,260.0,50.0,11.0,36.0,284031.0,97.0,0.0,0.0,1.0,0.0,0.0,65.0,168.0,23.0,8.0,0,1,0,0,0,0,0,0,0,0,0,0,0,0,0,1,0,0,1,0,0,0,0,1,0,0,0,1
335,260.0,50.0,11.0,36.0,284031.0,97.0,0.0,0.0,1.0,0.0,0.0,65.0,168.0,23.0,8.0,0,0,1,0,0,0,0,0,0,0,0,0,0,0,0,1,0,0,0,0,1,0,0,1,0,0,0,1
336,378.0,49.0,11.0,36.0,284031.0,97.0,1.0,0.0,0.0,1.0,4.0,65.0,174.0,21.0,0.0,0,0,0,0,0,0,0,0,0,0,0,0,0,0,0,1,0,0,0,0,1,0,0,1,0,1,0,0
337,279.0,5.0,14.0,39.0,284031.0,97.0,1.0,0.0,1.0,1.0,0.0,68.0,168.0,24.0,120.0,0,0,0,0,0,0,0,0,0,0,0,0,0,0,0,1,0,1,0,0,0,0,0,1,0,1,0,0
338,179.0,51.0,18.0,38.0,284031.0,97.0,0.0,0.0,1.0,0.0,0.0,89.0,170.0,31.0,1.0,0,0,0,0,1,0,0,0,0,0,0,0,0,0,0,1,0,0,0,1,0,0,0,1,0,0,0,0
339,225.0,26.0,9.0,28.0,236629.0,93.0,0.0,0.0,0.0,0.0,2.0,69.0,169.0,24.0,3.0,0,1,0,0,0,0,0,0,0,0,0,0,0,0,0,0,1,0,0,0,0,0,0,1,1,0,0,0
340,179.0,51.0,18.0,38.0,236629.0,93.0,0.0,0.0,1.0,0.0,0.0,89.0,170.0,31.0,2.0,0,0,0,0,1,0,0,0,0,0,0,0,0,0,0,0,1,0,0,0,0,0,0,1,0,0,0,0
341,179.0,51.0,18.0,38.0,236629.0,93.0,0.0,0.0,1.0,0.0,0.0,89.0,170.0,31.0,1.0,0,0,0,0,1,0,0,0,0,0,0,0,0,0,0,0,1,0,0,0,0,0,0,1,0,0,0,0
342,235.0,11.0,14.0,37.0,236629.0,93.0,0.0,1.0,0.0,0.0,1.0,88.0,172.0,29.0,3.0,0,0,0,0,1,0,0,0,0,0,0,0,0,0,0,0,1,0,0,0,0,0,0,1,1,0,0,0
343,118.0,13.0,18.0,50.0,236629.0,93.0,0.0,0.0,1.0,0.0,0.0,98.0,178.0,31.0,1.0,0,0,0,0,1,0,0,0,0,0,0,0,0,0,0,0,1,1,0,0,0,0,0,1,1,0,0,0
344,260.0,50.0,11.0,36.0,236629.0,93.0,0.0,0.0,1.0,0.0,0.0,65.0,168.0,23.0,4.0,0,0,0,0,1,0,0,0,0,0,0,0,0,0,0,0,1,0,0,0,1,0,0,1,0,0,0,1
345,246.0,25.0,16.0,41.0,236629.0,93.0,0.0,0.0,1.0,0.0,0.0,67.0,170.0,23.0,8.0,1,0,0,0,0,0,0,0,0,0,0,0,0,0,0,0,1,0,0,1,0,0,0,1,0,0,0,0
346,179.0,51.0,18.0,38.0,236629.0,93.0,0.0,0.0,1.0,0.0,0.0,89.0,170.0,31.0,1.0,0,0,0,0,1,0,0,0,0,0,0,0,0,0,0,0,1,0,0,1,0,0,0,1,0,0,0,0
347,179.0,51.0,18.0,38.0,236629.0,93.0,0.0,0.0,1.0,0.0,0.0,89.0,170.0,31.0,1.0,0,0,0,0,1,0,0,0,0,0,0,0,0,0,0,0,1,0,0,0,1,0,0,1,0,0,0,0
348,179.0,26.0,9.0,30.0,236629.0,93.0,0.0,1.0,0.0,0.0,0.0,56.0,171.0,19.0,1.0,0,0,0,0,1,0,0,0,0,0,0,0,0,0,0,0,1,1,0,0,0,0,0,1,0,0,0,0
349,118.0,10.0,10.0,37.0,236629.0,93.0,0.0,0.0,0.0,0.0,0.0,83.0,172.0,28.0,8.0,0,0,0,0,1,0,0,0,0,0,0,0,0,0,0,0,1,1,0,0,0,0,0,1,0,0,0,0
350,235.0,11.0,14.0,37.0,236629.0,93.0,0.0,1.0,0.0,0.0,1.0,88.0,172.0,29.0,2.0,0,0,0,0,1,0,0,0,0,0,0,0,0,0,0,0,1,0,0,1,0,0,0,1,0,0,0,0
352,235.0,20.0,13.0,43.0,236629.0,93.0,0.0,0.0,1.0,0.0,0.0,106.0,167.0,38.0,8.0,0,1,0,0,0,0,0,0,0,0,0,0,0,0,0,0,1,1,0,0,0,1,0,0,1,0,0,0
353,235.0,11.0,14.0,37.0,236629.0,93.0,0.0,1.0,0.0,0.0,1.0,88.0,172.0,29.0,4.0,0,1,0,0,0,0,0,0,0,0,0,0,0,0,0,0,1,1,0,0,0,1,0,0,1,0,0,0
354,260.0,50.0,11.0,36.0,236629.0,93.0,0.0,0.0,1.0,0.0,0.0,65.0,168.0,23.0,8.0,0,0,0,0,1,0,0,0,0,0,0,0,0,0,0,0,1,0,1,0,0,1,0,0,0,0,0,1
355,157.0,27.0,6.0,29.0,236629.0,93.0,0.0,0.0,1.0,1.0,0.0,75.0,185.0,22.0,2.0,0,0,0,0,1,0,0,0,0,0,0,0,0,0,0,0,1,0,0,0,0,1,0,0,0,0,0,0
356,179.0,51.0,18.0,38.0,236629.0,93.0,0.0,0.0,1.0,0.0,0.0,89.0,170.0,31.0,3.0,0,0,0,0,1,0,0,0,0,0,0,0,0,0,0,0,1,0,0,0,0,1,0,0,0,0,0,0
357,289.0,36.0,13.0,33.0,236629.0,93.0,0.0,0.0,1.0,0.0,1.0,90.0,172.0,30.0,8.0,0,0,0,1,0,0,0,0,0,0,0,0,0,0,0,0,1,0,0,0,0,1,0,0,0,1,0,0
358,225.0,26.0,9.0,28.0,330061.0,100.0,0.0,0.0,0.0,0.0,2.0,69.0,169.0,24.0,5.0,0,0,0,0,1,1,0,0,0,0,0,0,0,0,0,0,0,0,1,0,0,1,0,0,1,0,0,0
359,118.0,10.0,10.0,37.0,330061.0,100.0,0.0,0.0,0.0,0.0,0.0,83.0,172.0,28.0,32.0,0,0,0,1,0,1,0,0,0,0,0,0,0,0,0,0,0,0,0,0,0,1,0,0,0,0,0,0
360,155.0,12.0,14.0,34.0,330061.0,100.0,0.0,0.0,1.0,0.0,0.0,95.0,196.0,25.0,2.0,0,0,0,0,1,1,0,0,0,0,0,0,0,0,0,0,0,0,0,0,0,1,0,0,0,1,0,0
361,235.0,11.0,14.0,37.0,330061.0,100.0,0.0,1.0,0.0,0.0,1.0,88.0,172.0,29.0,1.0,0,1,0,0,0,1,0,0,0,0,0,0,0,0,0,0,0,1,0,0,0,1,0,0,1,0,0,0
362,155.0,12.0,14.0,34.0,330061.0,100.0,0.0,0.0,1.0,0.0,0.0,95.0,196.0,25.0,4.0,0,0,0,0,1,1,0,0,0,0,0,0,0,0,0,0,0,1,0,0,0,1,0,0,0,1,0,0
363,289.0,36.0,13.0,33.0,330061.0,100.0,0.0,0.0,1.0,0.0,1.0,90.0,172.0,30.0,8.0,0,0,0,0,1,1,0,0,0,0,0,0,0,0,0,0,0,0,0,0,0,1,0,0,0,1,0,0
364,291.0,31.0,12.0,40.0,330061.0,100.0,0.0,0.0,1.0,0.0,1.0,73.0,171.0,25.0,8.0,1,0,0,0,0,1,0,0,0,0,0,0,0,0,0,0,0,0,1,0,0,1,0,0,1,0,0,0
365,235.0,20.0,13.0,43.0,330061.0,100.0,0.0,0.0,1.0,0.0,0.0,106.0,167.0,38.0,8.0,0,0,0,0,1,1,0,0,0,0,0,0,0,0,0,0,0,0,0,0,0,1,0,0,1,0,0,0
366,118.0,13.0,18.0,50.0,330061.0,100.0,0.0,0.0,1.0,0.0,0.0,98.0,178.0,31.0,4.0,0,0,0,0,1,1,0,0,0,0,0,0,0,0,0,0,0,0,0,0,0,1,0,0,1,0,0,0
367,179.0,51.0,18.0,38.0,330061.0,100.0,0.0,0.0,1.0,0.0,0.0,89.0,170.0,31.0,1.0,0,0,0,0,1,1,0,0,0,0,0,0,0,0,0,0,0,0,1,0,0,1,0,0,0,0,0,0
368,179.0,51.0,18.0,38.0,330061.0,100.0,0.0,0.0,1.0,0.0,0.0,89.0,170.0,31.0,1.0,0,0,0,0,1,1,0,0,0,0,0,0,0,0,0,0,0,0,0,0,1,1,0,0,0,0,0,0
369,118.0,10.0,10.0,37.0,251818.0,96.0,0.0,0.0,0.0,0.0,0.0,83.0,172.0,28.0,2.0,0,0,0,0,1,0,1,0,0,0,0,0,0,0,0,0,0,1,0,0,0,1,0,0,0,0,0,0
370,179.0,51.0,18.0,38.0,251818.0,96.0,0.0,0.0,1.0,0.0,0.0,89.0,170.0,31.0,3.0,0,0,0,0,1,0,1,0,0,0,0,0,0,0,0,0,0,0,1,0,0,1,0,0,0,0,0,0
371,225.0,26.0,9.0,28.0,251818.0,96.0,0.0,0.0,0.0,0.0,2.0,69.0,169.0,24.0,1.0,0,1,0,0,0,0,1,0,0,0,0,0,0,0,0,0,0,0,1,0,0,1,0,0,1,0,0,0
372,289.0,36.0,13.0,33.0,251818.0,96.0,0.0,0.0,1.0,0.0,1.0,90.0,172.0,30.0,3.0,0,0,0,0,1,0,1,0,0,0,0,0,0,0,0,0,0,0,0,0,1,1,0,0,0,1,0,0
373,260.0,50.0,11.0,36.0,251818.0,96.0,0.0,0.0,1.0,0.0,0.0,65.0,168.0,23.0,3.0,0,0,0,0,1,0,1,0,0,0,0,0,0,0,0,0,0,0,0,0,1,1,0,0,0,0,0,1
374,179.0,51.0,18.0,38.0,251818.0,96.0,0.0,0.0,1.0,0.0,0.0,89.0,170.0,31.0,3.0,0,0,0,0,1,0,1,0,0,0,0,0,0,0,0,0,0,0,0,0,1,1,0,0,0,0,0,0
375,179.0,51.0,18.0,38.0,251818.0,96.0,0.0,0.0,1.0,0.0,0.0,89.0,170.0,31.0,2.0,0,0,0,0,1,0,1,0,0,0,0,0,0,0,0,0,0,0,0,0,0,1,0,0,0,0,0,0
377,179.0,51.0,18.0,38.0,251818.0,96.0,0.0,0.0,1.0,0.0,0.0,89.0,170.0,31.0,8.0,0,1,0,0,0,0,1,0,0,0,0,0,0,0,0,0,0,0,0,1,0,1,0,0,0,0,0,0
378,246.0,25.0,16.0,41.0,251818.0,96.0,0.0,0.0,1.0,0.0,0.0,67.0,170.0,23.0,8.0,0,0,0,0,1,0,1,0,0,0,0,0,0,0,0,0,0,0,0,1,0,1,0,0,0,0,0,0
379,179.0,51.0,18.0,38.0,251818.0,96.0,0.0,0.0,1.0,0.0,0.0,89.0,170.0,31.0,3.0,0,0,0,0,1,0,1,0,0,0,0,0,0,0,0,0,0,0,0,0,1,1,0,0,0,0,0,0
380,189.0,29.0,13.0,33.0,251818.0,96.0,0.0,0.0,0.0,0.0,2.0,69.0,167.0,25.0,8.0,0,0,0,0,1,0,1,0,0,0,0,0,0,0,0,0,0,0,0,0,0,1,0,0,0,1,0,0
381,179.0,51.0,18.0,38.0,251818.0,96.0,0.0,0.0,1.0,0.0,0.0,89.0,170.0,31.0,3.0,0,0,0,0,1,0,1,0,0,0,0,0,0,0,0,0,0,0,0,0,0,1,0,0,0,0,0,0
382,246.0,25.0,16.0,41.0,251818.0,96.0,0.0,0.0,1.0,0.0,0.0,67.0,170.0,23.0,2.0,0,0,0,0,1,0,1,0,0,0,0,0,0,0,0,0,0,1,0,0,0,1,0,0,0,0,0,0
383,291.0,31.0,12.0,40.0,251818.0,96.0,0.0,0.0,1.0,0.0,1.0,73.0,171.0,25.0,2.0,0,0,0,0,1,0,1,0,0,0,0,0,0,0,0,0,0,1,0,0,0,1,0,0,1,0,0,0
384,157.0,27.0,6.0,29.0,251818.0,96.0,0.0,0.0,1.0,1.0,0.0,75.0,185.0,22.0,16.0,0,1,0,0,0,0,1,0,0,0,0,0,0,0,0,0,0,0,1,0,0,1,0,0,0,0,0,0
387,246.0,25.0,16.0,41.0,251818.0,96.0,0.0,0.0,1.0,0.0,0.0,67.0,170.0,23.0,24.0,0,1,0,0,0,0,1,0,0,0,0,0,0,0,0,0,0,0,0,0,1,1,0,0,0,0,0,0
390,118.0,10.0,10.0,37.0,244387.0,98.0,0.0,0.0,0.0,0.0,0.0,83.0,172.0,28.0,8.0,0,0,0,1,0,0,0,1,0,0,0,0,0,0,0,0,0,1,0,0,0,1,0,0,0,0,0,0
391,246.0,25.0,16.0,41.0,244387.0,98.0,0.0,0.0,1.0,0.0,0.0,67.0,170.0,23.0,16.0,0,0,0,1,0,0,0,1,0,0,0,0,0,0,0,0,0,0,1,0,0,1,0,0,0,0,0,0
392,246.0,25.0,16.0,41.0,244387.0,98.0,0.0,0.0,1.0,0.0,0.0,67.0,170.0,23.0,2.0,0,0,0,0,1,0,0,1,0,0,0,0,0,0,0,0,0,0,0,0,1,1,0,0,0,0,0,0
393,260.0,50.0,11.0,36.0,244387.0,98.0,0.0,0.0,1.0,0.0,0.0,65.0,168.0,23.0,4.0,0,0,0,0,1,0,0,1,0,0,0,0,0,0,0,0,0,0,0,0,1,1,0,0,0,0,0,1
394,179.0,51.0,18.0,38.0,244387.0,98.0,0.0,0.0,1.0,0.0,0.0,89.0,170.0,31.0,2.0,0,0,0,0,1,0,0,1,0,0,0,0,0,0,0,0,0,0,0,0,0,1,0,0,0,0,0,0
395,235.0,11.0,14.0,37.0,244387.0,98.0,0.0,1.0,0.0,0.0,1.0,88.0,172.0,29.0,8.0,0,0,0,0,1,0,0,1,0,0,0,0,0,0,0,0,0,0,0,0,0,1,0,0,1,0,0,0
396,179.0,22.0,17.0,40.0,244387.0,98.0,0.0,1.0,0.0,1.0,0.0,63.0,170.0,22.0,8.0,0,0,0,0,1,0,0,1,0,0,0,0,0,0,0,0,0,1,0,0,0,1,0,0,0,1,0,0
397,378.0,49.0,11.0,36.0,244387.0,98.0,0.0,0.0,0.0,1.0,4.0,65.0,174.0,21.0,10.0,0,0,0,0,1,0,0,1,0,0,0,0,0,0,0,0,0,1,0,0,0,1,0,0,0,1,0,0
398,179.0,51.0,18.0,38.0,244387.0,98.0,0.0,0.0,1.0,0.0,0.0,89.0,170.0,31.0,16.0,0,0,0,0,1,0,0,1,0,0,0,0,0,0,0,0,0,0,0,0,0,1,0,0,0,0,0,0
399,361.0,52.0,3.0,28.0,244387.0,98.0,0.0,0.0,1.0,0.0,4.0,80.0,172.0,27.0,10.0,0,0,0,0,1,0,0,1,0,0,0,0,0,0,0,0,0,0,1,0,0,1,0,0,1,0,0,0
400,369.0,17.0,12.0,31.0,244387.0,98.0,1.0,0.0,1.0,0.0,0.0,70.0,169.0,25.0,0.0,0,0,0,0,0,0,0,1,0,0,0,0,0,0,0,0,0,0,1,0,0,1,0,0,0,0,1,0
401,235.0,11.0,14.0,37.0,244387.0,98.0,0.0,1.0,0.0,0.0,1.0,88.0,172.0,29.0,8.0,0,0,0,1,0,0,0,1,0,0,0,0,0,0,0,0,0,0,0,1,0,1,0,0,1,0,0,0
402,118.0,13.0,18.0,50.0,244387.0,98.0,0.0,0.0,1.0,0.0,0.0,98.0,178.0,31.0,2.0,0,0,0,0,1,0,0,1,0,0,0,0,0,0,0,0,0,0,0,0,1,0,1,0,1,0,0,0
403,118.0,13.0,18.0,50.0,244387.0,98.0,0.0,0.0,1.0,0.0,0.0,98.0,178.0,31.0,3.0,0,1,0,0,0,0,0,1,0,0,0,0,0,0,0,0,0,1,0,0,0,0,1,0,1,0,0,0
404,118.0,13.0,18.0,50.0,244387.0,98.0,0.0,0.0,1.0,0.0,0.0,98.0,178.0,31.0,8.0,0,1,0,0,0,0,0,1,0,0,0,0,0,0,0,0,0,0,1,0,0,0,1,0,1,0,0,0
405,235.0,11.0,14.0,37.0,244387.0,98.0,1.0,1.0,0.0,0.0,1.0,88.0,172.0,29.0,10.0,0,0,0,0,0,0,0,1,0,0,0,0,0,0,0,0,0,0,0,1,0,0,1,0,1,0,0,0
406,246.0,25.0,16.0,41.0,244387.0,98.0,1.0,0.0,1.0,0.0,0.0,67.0,170.0,23.0,0.0,0,0,0,0,0,0,0,1,0,0,0,0,0,0,0,0,0,0,0,1,0,0,1,0,0,0,0,0
407,118.0,13.0,18.0,50.0,244387.0,98.0,1.0,0.0,1.0,0.0,0.0,98.0,178.0,31.0,0.0,0,0,0,0,0,0,0,1,0,0,0,0,0,0,0,0,0,0,0,1,0,0,1,0,1,0,0,0
408,179.0,51.0,18.0,38.0,244387.0,98.0,0.0,0.0,1.0,0.0,0.0,89.0,170.0,31.0,8.0,0,0,0,0,1,0,0,1,0,0,0,0,0,0,0,0,0,0,0,0,1,0,1,0,0,0,0,0
409,289.0,36.0,13.0,33.0,244387.0,98.0,0.0,0.0,1.0,0.0,1.0,90.0,172.0,30.0,8.0,0,0,0,0,1,0,0,1,0,0,0,0,0,0,0,0,0,0,0,0,1,0,1,0,0,1,0,0
410,260.0,50.0,11.0,36.0,244387.0,98.0,0.0,0.0,1.0,0.0,0.0,65.0,168.0,23.0,8.0,0,0,0,1,0,0,0,1,0,0,0,0,0,0,0,0,0,0,0,0,0,0,1,0,0,0,0,1
411,246.0,25.0,16.0,41.0,244387.0,98.0,0.0,0.0,1.0,0.0,0.0,67.0,170.0,23.0,2.0,0,0,0,0,1,0,0,1,0,0,0,0,0,0,0,0,0,1,0,0,0,0,1,0,0,0,0,0
412,179.0,51.0,18.0,38.0,239409.0,98.0,0.0,0.0,1.0,0.0,0.0,89.0,170.0,31.0,4.0,0,0,0,0,1,0,0,0,1,0,0,0,0,0,0,0,0,0,1,0,0,0,1,0,0,0,0,0
413,260.0,50.0,11.0,36.0,239409.0,98.0,0.0,0.0,1.0,0.0,0.0,65.0,168.0,23.0,3.0,0,0,0,0,1,0,0,0,1,0,0,0,0,0,0,0,0,0,0,0,1,0,1,0,0,0,0,1
414,330.0,16.0,4.0,28.0,239409.0,98.0,0.0,1.0,0.0,0.0,0.0,84.0,182.0,25.0,4.0,0,0,0,0,1,0,0,0,1,0,0,0,0,0,0,0,0,0,0,0,1,0,1,0,0,0,0,0
415,369.0,17.0,12.0,31.0,239409.0,98.0,0.0,0.0,1.0,0.0,0.0,70.0,169.0,25.0,4.0,0,0,0,0,1,0,0,0,1,0,0,0,0,0,0,0,0,0,0,0,0,0,1,0,0,0,1,0
416,248.0,25.0,14.0,47.0,239409.0,98.0,0.0,0.0,0.0,0.0,1.0,86.0,165.0,32.0,4.0,0,0,0,0,1,0,0,0,1,0,0,0,0,0,0,0,0,0,0,0,0,0,1,0,0,1,0,0
417,330.0,16.0,4.0,28.0,239409.0,98.0,0.0,1.0,0.0,0.0,0.0,84.0,182.0,25.0,8.0,0,0,0,0,1,0,0,0,1,0,0,0,0,0,0,0,0,0,1,0,0,0,1,0,0,0,0,0
418,179.0,51.0,18.0,38.0,239409.0,98.0,0.0,0.0,1.0,0.0,0.0,89.0,170.0,31.0,8.0,0,0,0,0,1,0,0,0,1,0,0,0,0,0,0,0,0,0,1,0,0,0,1,0,0,0,0,0
419,118.0,13.0,18.0,50.0,239409.0,98.0,0.0,0.0,1.0,0.0,0.0,98.0,178.0,31.0,1.0,0,0,0,0,1,0,0,0,1,0,0,0,0,0,0,0,0,0,0,0,0,0,1,0,1,0,0,0
420,118.0,13.0,18.0,50.0,239409.0,98.0,0.0,0.0,1.0,0.0,0.0,98.0,178.0,31.0,120.0,0,1,0,0,0,0,0,0,1,0,0,0,0,0,0,0,0,0,1,0,0,0,1,0,1,0,0,0
421,300.0,26.0,13.0,43.0,239409.0,98.0,0.0,0.0,1.0,1.0,1.0,77.0,175.0,25.0,8.0,0,0,0,0,1,0,0,0,1,0,0,0,0,0,0,0,0,0,0,0,1,0,1,0,0,1,0,0
422,260.0,50.0,11.0,36.0,239409.0,98.0,0.0,0.0,1.0,0.0,0.0,65.0,168.0,23.0,4.0,0,0,0,0,1,0,0,0,1,0,0,0,0,0,0,0,0,0,0,0,1,0,1,0,0,0,0,1
423,179.0,51.0,18.0,38.0,239409.0,98.0,0.0,0.0,1.0,0.0,0.0,89.0,170.0,31.0,4.0,0,0,0,0,1,0,0,0,1,0,0,0,0,0,0,0,0,0,0,0,0,0,1,0,0,0,0,0
424,118.0,10.0,10.0,37.0,239409.0,98.0,0.0,0.0,0.0,0.0,0.0,83.0,172.0,28.0,2.0,0,1,0,0,0,0,0,0,1,0,0,0,0,0,0,0,0,0,1,0,0,0,1,0,0,0,0,0
425,235.0,20.0,13.0,43.0,246074.0,99.0,0.0,0.0,1.0,0.0,0.0,106.0,167.0,38.0,16.0,0,1,0,0,0,0,0,0,0,1,0,0,0,0,0,0,0,0,0,0,0,0,1,0,1,0,0,0
426,248.0,25.0,14.0,47.0,246074.0,99.0,0.0,0.0,0.0,0.0,1.0,86.0,165.0,32.0,2.0,0,0,0,0,1,0,0,0,0,1,0,0,0,0,0,0,0,0,1,0,0,0,1,0,0,1,0,0
427,369.0,17.0,12.0,31.0,246074.0,99.0,0.0,0.0,1.0,0.0,0.0,70.0,169.0,25.0,8.0,0,1,0,0,0,0,0,0,0,1,0,0,0,0,0,0,0,0,0,0,0,0,1,0,0,0,1,0
428,179.0,26.0,9.0,30.0,246074.0,99.0,0.0,1.0,0.0,0.0,0.0,56.0,171.0,19.0,3.0,0,0,0,0,1,0,0,0,0,1,0,0,0,0,0,0,0,0,1,0,0,0,1,0,0,0,0,0
429,179.0,51.0,18.0,38.0,246074.0,99.0,0.0,0.0,1.0,0.0,0.0,89.0,170.0,31.0,4.0,0,0,0,0,1,0,0,0,0,1,0,0,0,0,0,0,0,0,1,0,0,0,1,0,0,0,0,0
430,361.0,52.0,3.0,28.0,246074.0,99.0,0.0,0.0,1.0,0.0,4.0,80.0,172.0,27.0,1.0,0,0,0,0,1,0,0,0,0,1,0,0,0,0,0,0,0,0,0,1,0,0,1,0,1,0,0,0
431,260.0,50.0,11.0,36.0,246074.0,99.0,0.0,0.0,1.0,0.0,0.0,65.0,168.0,23.0,3.0,0,0,0,0,1,0,0,0,0,1,0,0,0,0,0,0,0,0,0,0,1,0,1,0,0,0,0,1
432,179.0,22.0,17.0,40.0,246074.0,99.0,0.0,1.0,0.0,1.0,0.0,63.0,170.0,22.0,2.0,0,1,0,0,0,0,0,0,0,1,0,0,0,0,0,0,0,0,0,0,0,0,1,0,0,1,0,0
433,179.0,22.0,17.0,40.0,246074.0,99.0,0.0,1.0,0.0,1.0,0.0,63.0,170.0,22.0,3.0,0,1,0,0,0,0,0,0,0,1,0,0,0,0,0,0,0,0,0,0,0,0,1,0,0,1,0,0
434,228.0,14.0,16.0,58.0,246074.0,99.0,0.0,0.0,0.0,0.0,1.0,65.0,172.0,22.0,8.0,0,0,0,1,0,0,0,0,0,1,0,0,0,0,0,0,0,0,1,0,0,0,1,0,0,1,0,0
435,225.0,26.0,9.0,28.0,246074.0,99.0,0.0,0.0,0.0,0.0,2.0,69.0,169.0,24.0,3.0,0,0,0,0,1,0,0,0,0,1,0,0,0,0,0,0,0,0,1,0,0,0,1,0,1,0,0,0
436,330.0,16.0,4.0,28.0,246074.0,99.0,0.0,1.0,0.0,0.0,0.0,84.0,182.0,25.0,8.0,0,1,0,0,0,0,0,0,0,1,0,0,0,0,0,0,0,0,0,0,1,0,1,0,0,0,0,0
437,179.0,26.0,9.0,30.0,246074.0,99.0,0.0,1.0,0.0,0.0,0.0,56.0,171.0,19.0,2.0,0,0,0,0,1,0,0,0,0,1,0,0,0,0,0,0,0,0,0,0,0,0,1,0,0,0,0,0
438,118.0,10.0,10.0,37.0,246074.0,99.0,0.0,0.0,0.0,0.0,0.0,83.0,172.0,28.0,1.0,0,0,0,0,1,0,0,0,0,1,0,0,0,0,0,0,0,0,0,0,0,0,1,0,0,0,0,0
439,235.0,11.0,14.0,37.0,246074.0,99.0,0.0,1.0,0.0,0.0,1.0,88.0,172.0,29.0,8.0,1,0,0,0,0,0,0,0,0,1,0,0,0,0,0,0,0,0,0,0,0,0,1,0,1,0,0,0
441,118.0,10.0,10.0,37.0,253957.0,95.0,0.0,0.0,0.0,0.0,0.0,83.0,172.0,28.0,3.0,0,0,0,0,1,0,0,0,0,0,1,0,0,0,0,0,0,0,0,0,0,0,1,0,0,0,0,0
442,179.0,51.0,18.0,38.0,253957.0,95.0,0.0,0.0,1.0,0.0,0.0,89.0,170.0,31.0,3.0,0,0,0,0,1,0,0,0,0,0,1,0,0,0,0,0,0,0,0,0,0,0,1,0,0,0,0,0
443,118.0,10.0,10.0,37.0,253957.0,95.0,0.0,0.0,0.0,0.0,0.0,83.0,172.0,28.0,2.0,0,0,0,0,1,0,0,0,0,0,1,0,0,0,0,0,0,1,0,0,0,0,1,0,0,0,0,0
444,225.0,26.0,9.0,28.0,253957.0,95.0,0.0,0.0,0.0,0.0,2.0,69.0,169.0,24.0,4.0,0,0,0,0,1,0,0,0,0,0,1,0,0,0,0,0,0,0,0,1,0,0,1,0,1,0,0,0
445,260.0,50.0,11.0,36.0,253957.0,95.0,0.0,0.0,1.0,0.0,0.0,65.0,168.0,23.0,4.0,0,0,0,0,1,0,0,0,0,0,1,0,0,0,0,0,0,0,0,0,1,0,1,0,0,0,0,1
446,179.0,51.0,18.0,38.0,253957.0,95.0,1.0,0.0,1.0,0.0,0.0,89.0,170.0,31.0,0.0,0,0,0,0,0,0,0,0,0,0,1,0,0,0,0,0,0,0,0,0,1,0,1,0,0,0,0,0
447,291.0,31.0,12.0,40.0,253957.0,95.0,0.0,0.0,1.0,0.0,1.0,73.0,171.0,25.0,40.0,0,1,0,0,0,0,0,0,0,0,1,0,0,0,0,0,0,0,0,0,0,0,1,0,1,0,0,0
448,179.0,51.0,18.0,38.0,253957.0,95.0,0.0,0.0,1.0,0.0,0.0,89.0,170.0,31.0,24.0,0,0,0,0,1,0,0,0,0,0,1,0,0,0,0,0,0,0,0,0,0,0,1,0,0,0,0,0
449,246.0,25.0,16.0,41.0,253957.0,95.0,0.0,0.0,1.0,0.0,0.0,67.0,170.0,23.0,3.0,0,0,0,0,1,0,0,0,0,0,1,0,0,0,0,0,0,1,0,0,0,0,1,0,0,0,0,0
450,179.0,51.0,18.0,38.0,253957.0,95.0,0.0,0.0,1.0,0.0,0.0,89.0,170.0,31.0,4.0,0,0,0,0,1,0,0,0,0,0,1,0,0,0,0,0,0,0,0,0,0,0,1,0,0,0,0,0
451,235.0,20.0,13.0,43.0,253957.0,95.0,0.0,0.0,1.0,0.0,0.0,106.0,167.0,38.0,8.0,0,0,0,0,1,0,0,0,0,0,1,0,0,0,0,0,0,1,0,0,0,0,1,0,1,0,0,0
452,179.0,51.0,18.0,38.0,253957.0,95.0,0.0,0.0,1.0,0.0,0.0,89.0,170.0,31.0,2.0,0,0,0,0,1,0,0,0,0,0,1,0,0,0,0,0,0,0,0,0,0,0,0,0,0,0,0,0
453,225.0,26.0,9.0,28.0,253957.0,95.0,0.0,0.0,0.0,0.0,2.0,69.0,169.0,24.0,2.0,0,0,0,0,1,0,0,0,0,0,1,0,0,0,0,0,0,0,1,0,0,0,0,0,1,0,0,0
454,118.0,13.0,18.0,50.0,253957.0,95.0,0.0,0.0,1.0,0.0,0.0,98.0,178.0,31.0,2.0,0,0,0,0,1,0,0,0,0,0,1,0,0,0,0,0,0,0,1,0,0,0,0,0,1,0,0,0
455,179.0,51.0,18.0,38.0,253957.0,95.0,0.0,0.0,1.0,0.0,0.0,89.0,170.0,31.0,8.0,1,0,0,0,0,0,0,0,0,0,1,0,0,0,0,0,0,0,1,0,0,0,0,0,0,0,0,0
456,179.0,26.0,9.0,30.0,253957.0,95.0,0.0,1.0,0.0,0.0,0.0,56.0,171.0,19.0,2.0,0,0,0,1,0,0,0,0,0,0,1,0,0,0,0,0,0,0,1,0,0,0,0,0,0,0,0,0
457,246.0,25.0,16.0,41.0,253957.0,95.0,0.0,0.0,1.0,0.0,0.0,67.0,170.0,23.0,2.0,0,0,0,0,1,0,0,0,0,0,1,0,0,0,0,0,0,0,0,0,1,0,0,0,0,0,0,0
458,330.0,16.0,4.0,28.0,253957.0,95.0,0.0,1.0,0.0,0.0,0.0,84.0,182.0,25.0,1.0,0,1,0,0,0,0,0,0,0,0,1,0,0,0,0,0,0,1,0,0,0,0,0,0,0,0,0,0
459,235.0,11.0,14.0,37.0,253957.0,95.0,0.0,1.0,0.0,0.0,1.0,88.0,172.0,29.0,8.0,0,1,0,0,0,0,0,0,0,0,1,0,0,0,0,0,0,1,0,0,0,0,0,0,1,0,0,0
460,179.0,26.0,9.0,30.0,230290.0,92.0,0.0,1.0,0.0,0.0,0.0,56.0,171.0,19.0,2.0,0,0,0,0,1,0,0,0,0,0,0,1,0,0,0,0,0,0,0,1,0,0,0,0,0,0,0,0
461,225.0,26.0,9.0,28.0,230290.0,92.0,0.0,0.0,0.0,0.0,2.0,69.0,169.0,24.0,4.0,0,0,0,0,1,0,0,0,0,0,0,1,0,0,0,0,0,0,0,1,0,0,0,0,1,0,0,0
462,260.0,50.0,11.0,36.0,230290.0,92.0,0.0,0.0,1.0,0.0,0.0,65.0,168.0,23.0,8.0,0,1,0,0,0,0,0,0,0,0,0,1,0,0,0,0,0,0,0,0,1,0,0,0,0,0,0,1
463,268.0,11.0,8.0,33.0,230290.0,92.0,0.0,1.0,0.0,0.0,0.0,79.0,178.0,25.0,8.0,0,1,0,0,0,0,0,0,0,0,0,1,0,0,0,0,0,0,0,0,0,0,0,0,0,0,0,0
464,330.0,16.0,4.0,28.0,230290.0,92.0,0.0,1.0,0.0,0.0,0.0,84.0,182.0,25.0,8.0,0,0,0,0,1,0,0,0,0,0,0,1,0,0,0,0,0,0,0,0,1,0,0,0,0,0,0,0
465,118.0,10.0,10.0,37.0,230290.0,92.0,0.0,0.0,0.0,0.0,0.0,83.0,172.0,28.0,8.0,0,0,0,0,1,0,0,0,0,0,0,1,0,0,0,0,0,0,0,0,1,0,0,0,0,0,0,0
466,260.0,50.0,11.0,36.0,230290.0,92.0,0.0,0.0,1.0,0.0,0.0,65.0,168.0,23.0,4.0,0,0,0,0,1,0,0,0,0,0,0,1,0,0,0,0,0,0,0,0,0,0,0,0,0,0,0,1
467,118.0,10.0,10.0,37.0,230290.0,92.0,0.0,0.0,0.0,0.0,0.0,83.0,172.0,28.0,8.0,0,0,0,0,1,0,0,0,0,0,0,1,0,0,0,0,0,1,0,0,0,0,0,0,0,0,0,0
468,300.0,26.0,13.0,43.0,230290.0,92.0,0.0,0.0,1.0,1.0,1.0,77.0,175.0,25.0,8.0,0,0,1,0,0,0,0,0,0,0,0,1,0,0,0,0,0,0,0,0,0,0,0,0,0,1,0,0
469,235.0,29.0,12.0,48.0,230290.0,92.0,0.0,0.0,0.0,1.0,5.0,88.0,163.0,33.0,1.0,0,0,0,0,1,0,0,0,0,0,0,1,0,0,0,0,0,0,0,0,0,0,0,0,1,0,0,0
470,246.0,25.0,16.0,41.0,230290.0,92.0,0.0,0.0,1.0,0.0,0.0,67.0,170.0,23.0,2.0,0,0,0,0,1,0,0,0,0,0,0,1,0,0,0,0,0,1,0,0,0,0,0,0,0,0,0,0
471,225.0,26.0,9.0,28.0,230290.0,92.0,0.0,0.0,0.0,0.0,2.0,69.0,169.0,24.0,112.0,0,1,0,0,0,0,0,0,0,0,0,1,0,0,0,0,0,1,0,0,0,0,0,0,1,0,0,0
472,179.0,51.0,18.0,38.0,230290.0,92.0,0.0,0.0,1.0,0.0,0.0,89.0,170.0,31.0,1.0,0,0,0,0,1,0,0,0,0,0,0,1,0,0,0,0,0,1,0,0,0,0,0,0,0,0,0,0
473,118.0,13.0,18.0,50.0,230290.0,92.0,0.0,0.0,1.0,0.0,0.0,98.0,178.0,31.0,1.0,0,0,0,0,1,0,0,0,0,0,0,1,0,0,0,0,0,0,0,0,1,0,0,0,1,0,0,0
474,361.0,52.0,3.0,28.0,230290.0,92.0,0.0,0.0,1.0,0.0,4.0,80.0,172.0,27.0,8.0,0,0,0,0,1,0,0,0,0,0,0,1,0,0,0,0,0,0,0,0,1,0,0,0,1,0,0,0
475,289.0,36.0,13.0,33.0,230290.0,92.0,0.0,0.0,1.0,0.0,1.0,90.0,172.0,30.0,8.0,0,0,0,0,1,0,0,0,0,0,0,1,0,0,0,0,0,0,0,0,0,0,0,0,0,1,0,0
476,235.0,20.0,13.0,43.0,230290.0,92.0,0.0,0.0,1.0,0.0,0.0,106.0,167.0,38.0,8.0,0,0,0,0,1,0,0,0,0,0,0,1,0,0,0,0,0,0,0,0,0,0,0,0,1,0,0,0
478,291.0,31.0,12.0,40.0,230290.0,92.0,0.0,0.0,1.0,0.0,1.0,73.0,171.0,25.0,1.0,0,0,0,0,1,0,0,0,0,0,0,1,0,0,0,0,0,0,0,1,0,0,0,0,1,0,0,0
479,279.0,5.0,14.0,39.0,230290.0,92.0,0.0,0.0,1.0,1.0,0.0,68.0,168.0,24.0,2.0,0,0,0,0,1,0,0,0,0,0,0,1,0,0,0,0,0,0,0,1,0,0,0,0,0,1,0,0
480,179.0,51.0,18.0,38.0,249797.0,93.0,0.0,0.0,1.0,0.0,0.0,89.0,170.0,31.0,4.0,0,0,0,0,1,0,0,0,0,0,0,0,1,0,0,0,0,0,0,1,0,0,0,0,0,0,0,0
481,179.0,22.0,17.0,40.0,249797.0,93.0,0.0,1.0,0.0,1.0,0.0,63.0,170.0,22.0,1.0,0,0,0,0,1,0,0,0,0,0,0,0,1,0,0,0,0,0,0,0,0,0,0,0,0,1,0,0
482,246.0,25.0,16.0,41.0,249797.0,93.0,0.0,0.0,1.0,0.0,0.0,67.0,170.0,23.0,4.0,0,0,0,0,1,0,0,0,0,0,0,0,1,0,0,0,0,1,0,0,0,0,0,0,0,0,0,0
483,118.0,10.0,10.0,37.0,249797.0,93.0,0.0,0.0,0.0,0.0,0.0,83.0,172.0,28.0,4.0,0,0,0,0,1,0,0,0,0,0,0,0,1,0,0,0,0,1,0,0,0,0,0,0,0,0,0,0
484,289.0,36.0,13.0,33.0,249797.0,93.0,0.0,0.0,1.0,0.0,1.0,90.0,172.0,30.0,8.0,0,0,0,0,1,0,0,0,0,0,0,0,1,0,0,0,0,1,0,0,0,0,0,0,0,1,0,0
485,235.0,20.0,13.0,43.0,249797.0,93.0,0.0,0.0,1.0,0.0,0.0,106.0,167.0,38.0,8.0,0,0,0,0,1,0,0,0,0,0,0,0,1,0,0,0,0,1,0,0,0,0,0,0,1,0,0,0
486,291.0,31.0,12.0,40.0,249797.0,93.0,0.0,0.0,1.0,0.0,1.0,73.0,171.0,25.0,4.0,0,0,0,0,1,0,0,0,0,0,0,0,1,0,0,0,0,0,0,1,0,0,0,0,1,0,0,0
487,179.0,51.0,18.0,38.0,249797.0,93.0,0.0,0.0,1.0,0.0,0.0,89.0,170.0,31.0,4.0,0,0,0,0,1,0,0,0,0,0,0,0,1,0,0,0,0,0,0,0,0,0,0,0,0,0,0,0
488,179.0,22.0,17.0,40.0,249797.0,93.0,0.0,1.0,0.0,1.0,0.0,63.0,170.0,22.0,8.0,0,0,0,0,1,0,0,0,0,0,0,0,1,0,0,0,0,1,0,0,0,0,0,0,0,1,0,0
489,330.0,16.0,4.0,28.0,249797.0,93.0,0.0,1.0,0.0,0.0,0.0,84.0,182.0,25.0,16.0,0,0,0,0,1,0,0,0,0,0,0,0,1,0,0,0,0,0,0,1,0,0,0,0,0,0,0,0
490,235.0,11.0,14.0,37.0,249797.0,93.0,0.0,1.0,0.0,0.0,1.0,88.0,172.0,29.0,4.0,0,0,0,0,1,0,0,0,0,0,0,0,1,0,0,0,0,1,0,0,0,0,0,0,1,0,0,0
491,246.0,25.0,16.0,41.0,249797.0,93.0,0.0,0.0,1.0,0.0,0.0,67.0,170.0,23.0,1.0,0,0,0,0,1,0,0,0,0,0,0,0,1,0,0,0,0,1,0,0,0,0,0,0,0,0,0,0
492,118.0,10.0,10.0,37.0,249797.0,93.0,0.0,0.0,0.0,0.0,0.0,83.0,172.0,28.0,5.0,0,0,0,0,1,0,0,0,0,0,0,0,1,0,0,0,0,1,0,0,0,0,0,0,0,0,0,0
493,291.0,31.0,12.0,40.0,249797.0,93.0,0.0,0.0,1.0,0.0,1.0,73.0,171.0,25.0,2.0,0,0,0,0,1,0,0,0,0,0,0,0,1,0,0,0,0,0,0,1,0,0,0,0,1,0,0,0
494,260.0,50.0,11.0,36.0,249797.0,93.0,0.0,0.0,1.0,0.0,0.0,65.0,168.0,23.0,3.0,0,0,0,0,1,0,0,0,0,0,0,0,1,0,0,0,0,0,0,0,0,0,0,0,0,0,0,1
495,246.0,25.0,16.0,41.0,261756.0,87.0,0.0,0.0,1.0,0.0,0.0,67.0,170.0,23.0,1.0,0,0,0,0,1,0,0,0,0,0,0,0,0,1,0,0,0,1,0,0,0,0,0,0,0,0,0,0
497,118.0,10.0,10.0,37.0,261756.0,87.0,0.0,0.0,0.0,0.0,0.0,83.0,172.0,28.0,3.0,0,0,0,0,1,0,0,0,0,0,0,0,0,1,0,0,0,1,0,0,0,0,0,0,0,0,0,0
498,155.0,12.0,14.0,34.0,261756.0,87.0,0.0,0.0,1.0,0.0,0.0,95.0,196.0,25.0,2.0,0,0,0,0,1,0,0,0,0,0,0,0,0,1,0,0,0,1,0,0,0,0,0,0,0,1,0,0
499,291.0,31.0,12.0,40.0,261756.0,87.0,0.0,0.0,1.0,0.0,1.0,73.0,171.0,25.0,2.0,0,0,0,0,1,0,0,0,0,0,0,0,0,1,0,0,0,0,0,1,0,0,0,0,1,0,0,0
500,179.0,26.0,9.0,30.0,261756.0,87.0,0.0,1.0,0.0,0.0,0.0,56.0,171.0,19.0,8.0,0,0,0,0,1,0,0,0,0,0,0,0,0,1,0,0,0,0,0,0,1,0,0,0,0,0,0,0
501,248.0,25.0,14.0,47.0,261756.0,87.0,0.0,0.0,0.0,0.0,1.0,86.0,165.0,32.0,1.0,0,0,0,0,1,0,0,0,0,0,0,0,0,1,0,0,0,0,0,0,1,0,0,0,0,1,0,0
502,179.0,51.0,18.0,38.0,261756.0,87.0,0.0,0.0,1.0,0.0,0.0,89.0,170.0,31.0,4.0,0,0,0,0,1,0,0,0,0,0,0,0,0,1,0,0,0,0,0,0,0,0,0,0,0,0,0,0
503,225.0,26.0,9.0,28.0,261756.0,87.0,0.0,0.0,0.0,0.0,2.0,69.0,169.0,24.0,1.0,0,0,0,0,1,0,0,0,0,0,0,0,0,1,0,0,0,0,1,0,0,0,0,0,1,0,0,0
504,179.0,26.0,9.0,30.0,261756.0,87.0,0.0,1.0,0.0,0.0,0.0,56.0,170.40964183165454,19.0,2.0,0,0,0,0,1,0,0,0,0,0,0,0,0,1,0,0,0,0,0,0,0,0,0,0,0,0,0,0
505,369.0,17.0,12.0,31.0,261756.0,87.0,0.0,0.0,1.0,0.0,0.0,70.0,170.40964183165454,25.0,8.0,0,0,0,0,1,0,0,0,0,0,0,0,0,1,0,0,0,1,0,0,0,0,0,1,0,0,1,0
506,361.0,52.0,3.0,28.0,261756.0,87.0,0.0,0.0,1.0,0.0,4.0,80.0,172.0,27.0,8.0,0,0,0,0,1,0,0,0,0,0,0,0,0,1,0,0,0,1,0,0,0,0,0,1,1,0,0,0
507,289.0,48.0,29.0,49.0,284853.0,91.0,0.0,0.0,0.0,0.0,2.0,108.0,172.0,36.0,1.0,1,0,0,0,0,0,0,0,0,0,0,0,0,0,1,0,0,0,0,1,0,0,0,1,0,0,0,0
508,235.0,16.0,8.0,32.0,284853.0,91.0,0.0,1.0,0.0,0.0,0.0,75.0,178.0,25.0,3.0,0,1,0,0,0,0,0,0,0,0,0,0,0,0,1,0,0,0,0,1,0,0,0,1,0,0,0,0
509,246.0,25.0,16.0,41.0,284853.0,91.0,0.0,0.0,1.0,0.0,0.0,67.0,170.40964183165454,23.0,8.0,0,0,0,0,1,0,0,0,0,0,0,0,0,0,1,0,0,0,0,0,1,0,0,1,0,0,0,0
510,289.0,48.0,29.0,49.0,284853.0,91.0,0.0,0.0,0.0,0.0,2.0,108.0,170.40964183165454,36.0,3.0,0,1,0,0,0,0,0,0,0,0,0,0,0,0,1,0,0,0,1,0,0,0,0,1,0,0,0,0
511,291.0,31.0,12.0,40.0,284853.0,91.0,0.0,0.0,1.0,0.0,1.0,73.0,171.0,25.0,2.0,0,0,0,0,1,0,0,0,0,0,0,0,0,0,1,0,0,0,1,0,0,0,0,1,1,0,0,0
512,118.0,10.0,10.0,37.0,284853.0,91.0,0.0,0.0,0.0,0.0,0.0,83.0,172.0,28.0,2.0,0,0,0,0,1,0,0,0,0,0,0,0,0,0,1,0,0,1,0,0,0,0,0,1,0,0,0,0
513,289.0,48.0,29.0,49.0,284853.0,91.0,0.0,0.0,0.0,0.0,2.0,108.0,172.0,36.0,2.0,0,0,0,0,1,0,0,0,0,0,0,0,0,0,1,0,0,0,0,1,0,0,0,1,0,0,0,0
514,291.0,31.0,12.0,40.0,284853.0,91.0,0.0,0.0,1.0,0.0,1.0,73.0,171.0,25.0,1.0,0,0,0,0,1,0,0,0,0,0,0,0,0,0,1,0,0,0,0,0,1,0,0,1,1,0,0,0
515,225.0,26.0,9.0,28.0,284853.0,91.0,0.0,0.0,0.0,0.0,2.0,69.0,169.0,24.0,2.0,0,0,0,0,1,0,0,0,0,0,0,0,0,0,1,0,0,1,0,0,0,0,0,1,1,0,0,0
516,369.0,17.0,12.0,31.0,284853.0,91.0,0.0,0.0,1.0,0.0,0.0,70.0,169.0,25.0,8.0,0,0,0,0,1,0,0,0,0,0,0,0,0,0,1,0,0,1,0,0,0,0,0,1,0,0,1,0
517,369.0,17.0,12.0,31.0,284853.0,91.0,0.0,0.0,1.0,0.0,0.0,70.0,169.0,25.0,3.0,0,0,0,0,1,0,0,0,0,0,0,0,0,0,1,0,0,1,0,0,0,0,0,1,0,0,1,0
518,225.0,26.0,9.0,28.0,284853.0,91.0,0.0,0.0,0.0,0.0,2.0,69.0,170.40964183165454,24.0,4.0,0,0,0,0,1,0,0,0,0,0,0,0,0,0,1,0,0,1,0,0,0,0,0,1,1,0,0,0
519,369.0,17.0,12.0,31.0,284853.0,91.0,0.0,0.0,1.0,0.0,0.0,70.0,169.0,25.0,8.0,0,0,0,0,1,0,0,0,0,0,0,0,0,0,1,0,0,1,0,0,0,0,0,1,0,0,1,0
520,179.0,51.0,18.0,38.0,284853.0,91.0,0.0,0.0,1.0,0.0,0.0,89.0,170.0,31.0,3.0,0,0,0,0,1,0,0,0,0,0,0,0,0,0,1,0,0,0,1,0,0,0,0,1,0,0,0,0
521,228.0,14.0,16.0,58.0,284853.0,91.0,0.0,0.0,0.0,0.0,1.0,65.0,172.0,22.0,1.0,1,0,0,0,0,0,0,0,0,0,0,0,0,0,1,0,0,0,1,0,0,0,0,1,0,1,0,0
522,291.0,31.0,12.0,40.0,284853.0,91.0,0.0,0.0,1.0,0.0,1.0,73.0,171.0,25.0,1.0,0,0,0,0,1,0,0,0,0,0,0,0,0,0,1,0,0,0,1,0,0,0,0,1,1,0,0,0
523,369.0,17.0,12.0,31.0,284853.0,91.0,0.0,0.0,1.0,0.0,0.0,70.0,169.0,25.0,8.0,0,1,0,0,0,0,0,0,0,0,0,0,0,0,1,0,0,0,0,1,0,0,0,1,0,0,1,0
524,225.0,26.0,9.0,28.0,284853.0,91.0,0.0,0.0,0.0,0.0,2.0,69.0,169.0,24.0,1.0,0,1,0,0,0,0,0,0,0,0,0,0,0,0,1,0,0,0,0,1,0,0,0,1,1,0,0,0
525,369.0,17.0,12.0,31.0,284853.0,91.0,0.0,0.0,1.0,0.0,0.0,70.0,169.0,25.0,8.0,0,1,0,0,0,0,0,0,0,0,0,0,0,0,1,0,0,0,0,0,1,0,0,1,0,0,1,0
526,225.0,26.0,9.0,28.0,284853.0,91.0,0.0,0.0,0.0,0.0,2.0,69.0,169.0,24.0,3.0,0,1,0,0,0,0,0,0,0,0,0,0,0,0,1,0,0,0,0,0,1,0,0,1,1,0,0,0
527,189.0,29.0,13.0,33.0,284853.0,91.0,0.0,0.0,0.0,0.0,2.0,69.0,167.0,25.0,8.0,0,0,0,0,1,0,0,0,0,0,0,0,0,0,1,0,0,0,0,0,0,0,0,1,0,1,0,0
528,235.0,16.0,8.0,32.0,284853.0,91.0,0.0,1.0,0.0,0.0,0.0,75.0,178.0,25.0,8.0,0,1,0,0,0,0,0,0,0,0,0,0,0,0,1,0,0,0,0,0,0,0,0,1,0,0,0,0
529,248.0,25.0,14.0,47.0,284853.0,91.0,0.0,0.0,0.0,0.0,1.0,86.0,165.0,32.0,8.0,0,1,0,0,0,0,0,0,0,0,0,0,0,0,1,0,0,0,0,0,0,0,0,1,0,1,0,0
530,225.0,26.0,9.0,28.0,284853.0,91.0,1.0,0.0,0.0,0.0,2.0,69.0,169.0,24.0,0.0,0,0,0,0,0,0,0,0,0,0,0,0,0,0,1,0,0,0,0,0,0,0,0,1,1,0,0,0
531,225.0,26.0,9.0,28.0,284853.0,91.0,0.0,0.0,0.0,0.0,2.0,69.0,169.0,24.0,3.0,0,1,0,0,0,0,0,0,0,0,0,0,0,0,1,0,0,1,0,0,0,0,0,1,1,0,0,0
532,179.0,51.0,18.0,38.0,268519.0,93.0,0.0,0.0,1.0,0.0,0.0,89.0,170.0,31.0,1.0,0,0,0,1,0,0,0,0,0,0,0,0,0,0,0,1,0,1,0,0,0,0,0,1,0,0,0,0
533,118.0,10.0,10.0,37.0,268519.0,93.0,0.0,0.0,0.0,0.0,0.0,83.0,172.0,28.0,3.0,0,0,0,0,1,0,0,0,0,0,0,0,0,0,0,1,0,0,1,0,0,0,0,1,0,0,0,0
534,330.0,16.0,4.0,28.0,268519.0,93.0,0.0,1.0,0.0,0.0,0.0,84.0,182.0,25.0,24.0,1,0,0,0,0,0,0,0,0,0,0,0,0,0,0,1,0,0,1,0,0,0,0,1,0,0,0,0
535,179.0,51.0,18.0,38.0,268519.0,93.0,0.0,0.0,1.0,0.0,0.0,89.0,170.0,31.0,1.0,0,0,0,0,1,0,0,0,0,0,0,0,0,0,0,1,0,0,0,0,1,0,0,1,0,0,0,0
536,118.0,10.0,10.0,37.0,268519.0,93.0,0.0,0.0,0.0,0.0,0.0,83.0,172.0,28.0,8.0,0,1,0,0,0,0,0,0,0,0,0,0,0,0,0,1,0,1,0,0,0,0,0,1,0,0,0,0
537,289.0,36.0,13.0,33.0,268519.0,93.0,0.0,0.0,1.0,0.0,1.0,90.0,172.0,30.0,8.0,0,0,0,0,1,0,0,0,0,0,0,0,0,0,0,1,0,0,1,0,0,0,0,1,0,1,0,0
538,235.0,16.0,8.0,32.0,268519.0,93.0,0.0,1.0,0.0,0.0,0.0,75.0,178.0,25.0,8.0,1,0,0,0,0,0,0,0,0,0,0,0,0,0,0,1,0,0,0,0,1,0,0,1,0,0,0,0
539,225.0,26.0,9.0,28.0,268519.0,93.0,0.0,0.0,0.0,0.0,2.0,69.0,169.0,24.0,4.0,0,0,0,0,1,0,0,0,0,0,0,0,0,0,0,1,0,0,0,0,1,0,0,1,1,0,0,0
540,361.0,52.0,3.0,28.0,268519.0,93.0,0.0,0.0,1.0,0.0,4.0,80.0,172.0,27.0,8.0,0,0,0,0,1,0,0,0,0,0,0,0,0,0,0,1,0,1,0,0,0,0,0,1,1,0,0,0
541,291.0,31.0,12.0,40.0,268519.0,93.0,0.0,0.0,1.0,0.0,1.0,73.0,171.0,25.0,2.0,0,0,0,0,1,0,0,0,0,0,0,0,0,0,0,1,0,0,1,0,0,0,0,1,1,0,0,0
542,118.0,10.0,10.0,37.0,268519.0,93.0,0.0,0.0,0.0,0.0,0.0,83.0,172.0,28.0,2.0,0,1,0,0,0,0,0,0,0,0,0,0,0,0,0,1,0,0,0,1,0,0,0,1,0,0,0,0
543,225.0,26.0,9.0,28.0,268519.0,93.0,0.0,0.0,0.0,0.0,2.0,69.0,169.0,24.0,3.0,0,1,0,0,0,0,0,0,0,0,0,0,0,0,0,1,0,0,0,1,0,0,0,1,1,0,0,0
544,179.0,51.0,18.0,38.0,268519.0,93.0,0.0,0.0,1.0,0.0,0.0,89.0,170.0,31.0,1.0,0,0,0,0,1,0,0,0,0,0,0,0,0,0,0,1,0,0,0,0,0,0,0,1,0,0,0,0
545,118.0,10.0,10.0,37.0,268519.0,93.0,0.0,0.0,0.0,0.0,0.0,83.0,172.0,28.0,8.0,0,0,0,0,1,0,0,0,0,0,0,0,0,0,0,1,0,0,0,0,0,0,0,1,0,0,0,0
546,118.0,10.0,10.0,37.0,268519.0,93.0,0.0,0.0,0.0,0.0,0.0,83.0,172.0,28.0,8.0,0,1,0,0,0,0,0,0,0,0,0,0,0,0,0,1,0,1,0,0,0,0,0,1,0,0,0,0
547,225.0,26.0,9.0,28.0,268519.0,93.0,0.0,0.0,0.0,0.0,2.0,69.0,169.0,24.0,2.0,0,0,0,0,1,0,0,0,0,0,0,0,0,0,0,1,0,1,0,0,0,0,0,1,1,0,0,0
548,291.0,31.0,12.0,40.0,268519.0,93.0,1.0,0.0,1.0,0.0,1.0,73.0,171.0,25.0,0.0,0,0,0,0,0,0,0,0,0,0,0,0,0,0,0,1,0,1,0,0,0,0,0,1,1,0,0,0
549,289.0,36.0,13.0,33.0,268519.0,93.0,1.0,0.0,1.0,0.0,1.0,90.0,172.0,30.0,0.0,0,0,0,0,0,0,0,0,0,0,0,0,0,0,0,1,0,0,1,0,0,0,0,1,0,1,0,0
550,248.0,25.0,14.0,47.0,268519.0,93.0,0.0,0.0,0.0,0.0,1.0,86.0,165.0,32.0,4.0,0,1,0,0,0,0,0,0,0,0,0,0,0,0,0,1,0,0,0,1,0,0,0,1,0,1,0,0
551,235.0,20.0,13.0,43.0,268519.0,93.0,1.0,0.0,1.0,0.0,0.0,106.0,167.0,38.0,10.0,0,0,0,0,0,0,0,0,0,0,0,0,0,0,0,1,0,0,0,1,0,0,0,1,1,0,0,0
552,225.0,26.0,9.0,28.0,268519.0,93.0,0.0,0.0,0.0,0.0,2.0,69.0,169.0,24.0,10.0,0,0,0,0,1,0,0,0,0,0,0,0,0,0,0,1,0,0,0,0,1,0,0,1,1,0,0,0
553,369.0,17.0,12.0,31.0,268519.0,93.0,0.0,0.0,1.0,0.0,0.0,70.0,169.0,25.0,10.0,0,0,0,0,1,0,0,0,0,0,0,0,0,0,0,1,0,0,0,0,1,0,0,1,0,0,1,0
554,361.0,52.0,3.0,28.0,268519.0,93.0,0.0,0.0,1.0,0.0,4.0,80.0,172.0,27.0,2.0,0,0,0,0,1,0,0,0,0,0,0,0,0,0,0,1,0,0,0,0,0,0,0,1,1,0,0,0
555,179.0,51.0,18.0,38.0,280549.0,98.0,0.0,0.0,1.0,0.0,0.0,89.0,170.0,31.0,10.0,0,1,0,0,0,0,0,0,0,0,0,0,0,0,0,0,1,1,0,0,0,0,0,1,0,0,0,0
556,291.0,31.0,12.0,40.0,280549.0,98.0,0.0,0.0,1.0,0.0,1.0,73.0,171.0,25.0,1.0,0,0,0,0,1,0,0,0,0,0,0,0,0,0,0,0,1,0,1,0,0,0,0,1,1,0,0,0
557,225.0,26.0,9.0,28.0,280549.0,98.0,0.0,0.0,0.0,0.0,2.0,69.0,169.0,24.0,3.0,0,0,0,0,1,0,0,0,0,0,0,0,0,0,0,0,1,0,1,0,0,0,0,1,1,0,0,0
558,179.0,26.0,9.0,30.0,280549.0,98.0,0.0,1.0,0.0,0.0,0.0,56.0,171.0,19.0,1.0,0,1,0,0,0,0,0,0,0,0,0,0,0,0,0,0,1,0,0,0,1,0,0,1,0,0,0,0
559,225.0,26.0,9.0,28.0,280549.0,98.0,0.0,0.0,0.0,0.0,2.0,69.0,169.0,24.0,3.0,0,0,0,0,1,0,0,0,0,0,0,0,0,0,0,0,1,0,0,0,1,0,0,1,1,0,0,0
561,361.0,52.0,3.0,28.0,280549.0,98.0,0.0,0.0,1.0,0.0,4.0,80.0,172.0,27.0,4.0,0,1,0,0,0,0,0,0,0,0,0,0,0,0,0,0,1,0,0,1,0,0,0,1,1,0,0,0
562,179.0,22.0,17.0,40.0,280549.0,98.0,0.0,1.0,0.0,1.0,0.0,63.0,170.0,22.0,2.0,0,0,0,1,0,0,0,0,0,0,0,0,0,0,0,0,1,0,0,0,1,0,0,1,0,1,0,0
563,235.0,20.0,13.0,43.0,280549.0,98.0,0.0,0.0,1.0,0.0,0.0,106.0,167.0,38.0,8.0,0,0,0,0,1,0,0,0,0,0,0,0,0,0,0,0,1,0,0,0,1,0,0,1,1,0,0,0
564,233.0,51.0,1.0,31.0,280549.0,98.0,0.0,1.0,1.0,0.0,8.0,68.0,178.0,21.0,8.0,0,0,0,1,0,0,0,0,0,0,0,0,0,0,0,0,1,0,0,0,0,0,0,1,1,0,0,0
565,179.0,26.0,9.0,30.0,280549.0,98.0,0.0,1.0,0.0,0.0,0.0,56.0,171.0,19.0,16.0,0,1,0,0,0,0,0,0,0,0,0,0,0,0,0,0,1,1,0,0,0,0,0,1,0,0,0,0
566,225.0,26.0,9.0,28.0,280549.0,98.0,0.0,0.0,0.0,0.0,2.0,69.0,169.0,24.0,2.0,0,0,0,0,1,0,0,0,0,0,0,0,0,0,0,0,1,1,0,0,0,0,0,1,1,0,0,0
567,225.0,26.0,9.0,28.0,280549.0,98.0,0.0,0.0,0.0,0.0,2.0,69.0,169.0,24.0,3.0,0,0,0,0,1,0,0,0,0,0,0,0,0,0,0,0,1,0,0,1,0,0,0,1,1,0,0,0
568,225.0,26.0,9.0,28.0,280549.0,98.0,0.0,0.0,0.0,0.0,2.0,69.0,169.0,24.0,2.0,0,0,0,0,1,0,0,0,0,0,0,0,0,0,0,0,1,0,0,0,0,0,0,1,1,0,0,0
569,155.0,12.0,14.0,34.0,280549.0,98.0,0.0,0.0,1.0,0.0,0.0,95.0,196.0,25.0,80.0,0,0,0,1,0,0,0,0,0,0,0,0,0,0,0,0,1,1,0,0,0,1,0,0,0,1,0,0
570,179.0,26.0,9.0,30.0,313532.0,96.0,0.0,1.0,0.0,0.0,0.0,56.0,171.0,19.0,24.0,0,1,0,0,0,1,0,0,0,0,0,0,0,0,0,0,0,0,0,0,0,1,0,0,0,0,0,0
571,179.0,26.0,9.0,30.0,313532.0,96.0,0.0,1.0,0.0,0.0,0.0,56.0,171.0,19.0,16.0,0,1,0,0,0,1,0,0,0,0,0,0,0,0,0,0,0,0,0,1,0,1,0,0,0,0,0,0
572,179.0,22.0,17.0,40.0,313532.0,96.0,0.0,1.0,0.0,1.0,0.0,63.0,170.0,22.0,2.0,0,0,0,0,1,1,0,0,0,0,0,0,0,0,0,0,0,0,0,1,0,1,0,0,0,1,0,0
573,179.0,22.0,17.0,40.0,313532.0,96.0,0.0,1.0,0.0,1.0,0.0,63.0,170.0,22.0,2.0,0,0,0,0,1,1,0,0,0,0,0,0,0,0,0,0,0,0,0,0,1,1,0,0,0,1,0,0
574,179.0,26.0,9.0,30.0,313532.0,96.0,0.0,1.0,0.0,0.0,0.0,56.0,171.0,19.0,3.0,0,1,0,0,0,1,0,0,0,0,0,0,0,0,0,0,0,0,0,0,0,1,0,0,0,0,0,0
575,179.0,22.0,17.0,40.0,313532.0,96.0,0.0,1.0,0.0,1.0,0.0,63.0,170.0,22.0,2.0,0,0,0,0,1,1,0,0,0,0,0,0,0,0,0,0,0,0,1,0,0,1,0,0,0,1,0,0
576,289.0,48.0,29.0,49.0,313532.0,96.0,0.0,0.0,0.0,0.0,2.0,108.0,172.0,36.0,8.0,0,1,0,0,0,1,0,0,0,0,0,0,0,0,0,0,0,0,0,1,0,1,0,0,0,0,0,0
577,179.0,22.0,17.0,40.0,313532.0,96.0,0.0,1.0,0.0,1.0,0.0,63.0,170.0,22.0,3.0,0,0,0,1,0,1,0,0,0,0,0,0,0,0,0,0,0,0,0,0,1,1,0,0,0,1,0,0
578,179.0,26.0,9.0,30.0,313532.0,96.0,0.0,1.0,0.0,0.0,0.0,56.0,171.0,19.0,2.0,0,0,0,0,1,1,0,0,0,0,0,0,0,0,0,0,0,0,0,0,0,1,0,0,0,0,0,0
579,155.0,12.0,14.0,34.0,313532.0,96.0,0.0,0.0,1.0,0.0,0.0,95.0,196.0,25.0,8.0,0,0,0,1,0,1,0,0,0,0,0,0,0,0,0,0,0,1,0,0,0,1,0,0,0,1,0,0
580,179.0,26.0,9.0,30.0,313532.0,96.0,0.0,1.0,0.0,0.0,0.0,56.0,171.0,19.0,2.0,0,0,0,0,1,1,0,0,0,0,0,0,0,0,0,0,0,0,1,0,0,1,0,0,0,0,0,0
581,179.0,51.0,18.0,38.0,313532.0,96.0,0.0,0.0,1.0,0.0,0.0,89.0,170.0,31.0,3.0,0,0,0,0,1,1,0,0,0,0,0,0,0,0,0,0,0,0,1,0,0,1,0,0,0,0,0,0
582,289.0,36.0,13.0,33.0,313532.0,96.0,0.0,0.0,1.0,0.0,1.0,90.0,172.0,30.0,8.0,0,1,0,0,0,1,0,0,0,0,0,0,0,0,0,0,0,0,1,0,0,1,0,0,0,1,0,0
583,179.0,51.0,18.0,38.0,313532.0,96.0,0.0,0.0,1.0,0.0,0.0,89.0,170.0,31.0,3.0,0,0,0,0,1,1,0,0,0,0,0,0,0,0,0,0,0,0,0,1,0,1,0,0,0,0,0,0
584,179.0,51.0,18.0,38.0,313532.0,96.0,0.0,0.0,1.0,0.0,0.0,89.0,170.0,31.0,2.0,0,0,0,0,1,1,0,0,0,0,0,0,0,0,0,0,0,0,0,0,1,1,0,0,0,0,0,0
585,179.0,51.0,18.0,38.0,264249.0,97.0,0.0,0.0,1.0,0.0,0.0,89.0,170.0,31.0,8.0,0,1,0,0,0,0,1,0,0,0,0,0,0,0,0,0,0,1,0,0,0,1,0,0,0,0,0,0
586,225.0,26.0,9.0,28.0,264249.0,97.0,0.0,0.0,0.0,0.0,2.0,69.0,169.0,24.0,3.0,0,0,0,0,1,0,1,0,0,0,0,0,0,0,0,0,0,1,0,0,0,1,0,0,1,0,0,0
587,248.0,25.0,14.0,47.0,264249.0,97.0,0.0,0.0,0.0,0.0,1.0,86.0,165.0,32.0,8.0,1,0,0,0,0,0,1,0,0,0,0,0,0,0,0,0,0,0,1,0,0,1,0,0,0,1,0,0
588,179.0,51.0,18.0,38.0,264249.0,97.0,0.0,0.0,1.0,0.0,0.0,89.0,170.0,31.0,2.0,0,0,0,0,1,0,1,0,0,0,0,0,0,0,0,0,0,0,1,0,0,1,0,0,0,0,0,0
589,225.0,26.0,9.0,28.0,264249.0,97.0,0.0,0.0,0.0,0.0,2.0,69.0,169.0,24.0,3.0,0,0,0,0,1,0,1,0,0,0,0,0,0,0,0,0,0,0,0,1,0,1,0,0,1,0,0,0
590,179.0,51.0,18.0,38.0,264249.0,97.0,0.0,0.0,1.0,0.0,0.0,89.0,170.0,31.0,2.0,0,0,0,0,1,0,1,0,0,0,0,0,0,0,0,0,0,0,0,1,0,1,0,0,0,0,0,0
591,179.0,26.0,9.0,30.0,264249.0,97.0,0.0,1.0,0.0,0.0,0.0,56.0,171.0,19.0,2.0,0,0,0,0,1,0,1,0,0,0,0,0,0,0,0,0,0,0,0,1,0,1,0,0,0,0,0,0
592,225.0,15.0,15.0,41.0,264249.0,97.0,0.0,1.0,1.0,0.0,2.0,94.0,182.0,28.0,2.0,0,0,0,0,1,0,1,0,0,0,0,0,0,0,0,0,0,0,0,0,1,1,0,0,0,1,0,0
593,179.0,51.0,18.0,38.0,264249.0,97.0,0.0,0.0,1.0,0.0,0.0,89.0,170.0,31.0,2.0,0,0,0,0,1,0,1,0,0,0,0,0,0,0,0,0,0,0,0,0,1,1,0,0,0,0,0,0
594,233.0,51.0,1.0,31.0,264249.0,97.0,0.0,1.0,1.0,0.0,8.0,68.0,178.0,21.0,2.0,0,0,0,1,0,0,1,0,0,0,0,0,0,0,0,0,0,0,0,0,0,1,0,0,1,0,0,0
595,179.0,51.0,18.0,38.0,264249.0,97.0,0.0,0.0,1.0,0.0,0.0,89.0,170.0,31.0,2.0,0,0,0,0,1,0,1,0,0,0,0,0,0,0,0,0,0,0,0,0,0,1,0,0,0,0,0,0
596,225.0,26.0,9.0,28.0,264249.0,97.0,0.0,0.0,0.0,0.0,2.0,69.0,169.0,24.0,8.0,0,1,0,0,0,0,1,0,0,0,0,0,0,0,0,0,0,1,0,0,0,1,0,0,1,0,0,0
597,179.0,51.0,18.0,38.0,264249.0,97.0,0.0,0.0,1.0,0.0,0.0,89.0,170.0,31.0,3.0,0,0,0,0,1,0,1,0,0,0,0,0,0,0,0,0,0,0,1,0,0,1,0,0,0,0,0,0
598,179.0,51.0,18.0,38.0,264249.0,97.0,0.0,0.0,1.0,0.0,0.0,89.0,170.0,31.0,3.0,0,0,0,0,1,0,1,0,0,0,0,0,0,0,0,0,0,0,0,1,0,1,0,0,0,0,0,0
599,225.0,26.0,9.0,28.0,264249.0,97.0,0.0,0.0,0.0,0.0,2.0,69.0,169.0,24.0,3.0,0,0,0,0,1,0,1,0,0,0,0,0,0,0,0,0,0,0,0,1,0,1,0,0,1,0,0,0
600,179.0,26.0,9.0,30.0,264249.0,97.0,0.0,1.0,0.0,0.0,0.0,56.0,171.0,19.0,2.0,0,1,0,0,0,0,1,0,0,0,0,0,0,0,0,0,0,0,0,1,0,1,0,0,0,0,0,0
601,179.0,22.0,17.0,40.0,264249.0,97.0,0.0,1.0,0.0,1.0,0.0,63.0,170.0,22.0,2.0,0,0,0,0,1,0,1,0,0,0,0,0,0,0,0,0,0,0,0,0,1,1,0,0,0,1,0,0
602,179.0,51.0,18.0,38.0,264249.0,97.0,0.0,0.0,1.0,0.0,0.0,89.0,170.0,31.0,3.0,0,0,0,0,1,0,1,0,0,0,0,0,0,0,0,0,0,0,0,0,1,1,0,0,0,0,0,0
603,233.0,51.0,1.0,31.0,264249.0,97.0,0.0,1.0,1.0,0.0,8.0,68.0,178.0,21.0,3.0,0,1,0,0,0,0,1,0,0,0,0,0,0,0,0,0,0,0,1,0,0,1,0,0,1,0,0,0
604,179.0,26.0,9.0,30.0,264249.0,97.0,0.0,1.0,0.0,0.0,0.0,56.0,171.0,19.0,2.0,0,0,0,0,1,0,1,0,0,0,0,0,0,0,0,0,0,0,1,0,0,1,0,0,0,0,0,0
606,179.0,51.0,18.0,38.0,264249.0,97.0,0.0,0.0,1.0,0.0,0.0,89.0,170.0,31.0,8.0,0,1,0,0,0,0,1,0,0,0,0,0,0,0,0,0,0,0,0,1,0,1,0,0,0,0,0,0
608,155.0,12.0,14.0,34.0,264249.0,97.0,0.0,0.0,1.0,0.0,0.0,95.0,196.0,25.0,5.0,0,0,0,0,1,0,1,0,0,0,0,0,0,0,0,0,0,0,0,0,0,1,0,0,0,1,0,0
609,235.0,16.0,8.0,32.0,264249.0,97.0,0.0,1.0,0.0,0.0,0.0,75.0,178.0,25.0,3.0,0,0,0,0,1,0,1,0,0,0,0,0,0,0,0,0,0,0,0,0,0,1,0,0,0,0,0,0
611,225.0,26.0,9.0,28.0,264249.0,97.0,0.0,0.0,0.0,0.0,2.0,69.0,169.0,24.0,2.0,0,1,0,0,0,0,1,0,0,0,0,0,0,0,0,0,0,0,0,0,0,1,0,0,1,0,0,0
612,179.0,51.0,18.0,38.0,264249.0,97.0,0.0,0.0,1.0,0.0,0.0,89.0,170.0,31.0,2.0,0,0,0,0,1,0,1,0,0,0,0,0,0,0,0,0,0,1,0,0,0,1,0,0,0,0,0,0
613,248.0,25.0,14.0,47.0,264249.0,97.0,0.0,0.0,0.0,0.0,1.0,86.0,165.0,32.0,2.0,0,0,0,0,1,0,1,0,0,0,0,0,0,0,0,0,0,1,0,0,0,1,0,0,0,1,0,0
614,225.0,26.0,9.0,28.0,264249.0,97.0,0.0,0.0,0.0,0.0,2.0,69.0,169.0,24.0,2.0,0,0,0,0,1,0,1,0,0,0,0,0,0,0,0,0,0,1,0,0,0,1,0,0,1,0,0,0
617,235.0,16.0,8.0,32.0,264249.0,97.0,0.0,1.0,0.0,0.0,0.0,75.0,178.0,25.0,2.0,0,0,0,0,1,0,1,0,0,0,0,0,0,0,0,0,0,0,0,0,1,1,0,0,0,0,0,0
618,179.0,51.0,18.0,38.0,222196.0,99.0,0.0,0.0,1.0,0.0,0.0,89.0,170.0,31.0,2.0,0,0,0,0,1,0,0,1,0,0,0,0,0,0,0,0,0,0,0,0,0,1,0,0,0,0,0,0
619,248.0,25.0,14.0,47.0,222196.0,99.0,0.0,0.0,0.0,0.0,1.0,86.0,165.0,32.0,2.0,0,0,0,0,1,0,0,1,0,0,0,0,0,0,0,0,0,0,0,0,0,1,0,0,0,1,0,0
620,228.0,14.0,16.0,58.0,222196.0,99.0,0.0,0.0,0.0,0.0,1.0,65.0,172.0,22.0,3.0,0,0,0,0,1,0,0,1,0,0,0,0,0,0,0,0,0,1,0,0,0,1,0,0,0,1,0,0
621,248.0,25.0,14.0,47.0,222196.0,99.0,0.0,0.0,0.0,0.0,1.0,86.0,165.0,32.0,3.0,0,0,0,0,1,0,0,1,0,0,0,0,0,0,0,0,0,1,0,0,0,1,0,0,0,1,0,0
622,228.0,14.0,16.0,58.0,222196.0,99.0,0.0,0.0,0.0,0.0,1.0,65.0,172.0,22.0,112.0,0,1,0,0,0,0,0,1,0,0,0,0,0,0,0,0,0,1,0,0,0,1,0,0,0,1,0,0
623,179.0,51.0,18.0,38.0,222196.0,99.0,0.0,0.0,1.0,0.0,0.0,89.0,170.0,31.0,2.0,0,0,0,0,1,0,0,1,0,0,0,0,0,0,0,0,0,0,1,0,0,1,0,0,0,0,0,0
624,225.0,26.0,9.0,28.0,222196.0,99.0,0.0,0.0,0.0,0.0,2.0,69.0,169.0,24.0,2.0,0,0,0,0,1,0,0,1,0,0,0,0,0,0,0,0,0,0,0,1,0,1,0,0,1,0,0,0
625,179.0,51.0,18.0,38.0,222196.0,99.0,0.0,0.0,1.0,0.0,0.0,89.0,170.0,31.0,3.0,0,0,0,0,1,0,0,1,0,0,0,0,0,0,0,0,0,0,0,1,0,1,0,0,0,0,0,0
626,225.0,26.0,9.0,28.0,222196.0,99.0,0.0,0.0,0.0,0.0,2.0,69.0,169.0,24.0,2.0,0,0,0,0,1,0,0,1,0,0,0,0,0,0,0,0,0,0,0,1,0,1,0,0,1,0,0,0
627,179.0,26.0,9.0,30.0,222196.0,99.0,0.0,1.0,0.0,0.0,0.0,56.0,171.0,19.0,3.0,0,0,0,0,1,0,0,1,0,0,0,0,0,0,0,0,0,0,0,0,1,1,0,0,0,0,0,0
628,235.0,16.0,8.0,32.0,222196.0,99.0,0.0,1.0,0.0,0.0,0.0,75.0,178.0,25.0,3.0,0,0,0,0,1,0,0,1,0,0,0,0,0,0,0,0,0,0,0,0,0,1,0,0,0,0,0,0
629,361.0,52.0,3.0,28.0,222196.0,99.0,0.0,0.0,1.0,0.0,4.0,80.0,172.0,27.0,8.0,0,0,0,1,0,0,0,1,0,0,0,0,0,0,0,0,0,0,0,0,0,1,0,0,1,0,0,0
630,179.0,51.0,18.0,38.0,222196.0,99.0,0.0,0.0,1.0,0.0,0.0,89.0,170.0,31.0,8.0,0,1,0,0,0,0,0,1,0,0,0,0,0,0,0,0,0,1,0,0,0,1,0,0,0,0,0,0
633,179.0,26.0,9.0,30.0,222196.0,99.0,0.0,1.0,0.0,0.0,0.0,56.0,171.0,19.0,2.0,0,0,0,0,1,0,0,1,0,0,0,0,0,0,0,0,0,0,0,0,1,1,0,0,0,0,0,0
634,179.0,51.0,18.0,38.0,222196.0,99.0,0.0,0.0,1.0,0.0,0.0,89.0,170.0,31.0,4.0,0,1,0,0,0,0,0,1,0,0,0,0,0,0,0,0,0,0,0,0,0,1,0,0,0,0,0,0
635,248.0,25.0,14.0,47.0,222196.0,99.0,0.0,0.0,0.0,0.0,1.0,86.0,165.0,32.0,2.0,0,1,0,0,0,0,0,1,0,0,0,0,0,0,0,0,0,0,0,0,0,1,0,0,0,1,0,0
636,179.0,51.0,18.0,38.0,222196.0,99.0,0.0,0.0,1.0,0.0,0.0,89.0,170.0,31.0,3.0,0,0,0,0,1,0,0,1,0,0,0,0,0,0,0,0,0,0,0,0,0,1,0,0,0,0,0,0
637,225.0,26.0,9.0,28.0,222196.0,99.0,0.0,0.0,0.0,0.0,2.0,69.0,169.0,24.0,8.0,0,1,0,0,0,0,0,1,0,0,0,0,0,0,0,0,0,0,0,0,0,1,0,0,1,0,0,0
638,179.0,51.0,18.0,38.0,222196.0,99.0,0.0,0.0,1.0,0.0,0.0,89.0,170.0,31.0,2.0,0,0,0,0,1,0,0,1,0,0,0,0,0,0,0,0,0,1,0,0,0,1,0,0,0,0,0,0
639,289.0,36.0,13.0,33.0,222196.0,99.0,0.0,0.0,1.0,0.0,1.0,90.0,172.0,30.0,8.0,0,0,0,0,1,0,0,1,0,0,0,0,0,0,0,0,0,0,1,0,0,1,0,0,0,1,0,0
640,228.0,14.0,16.0,58.0,222196.0,99.0,0.0,0.0,0.0,0.0,1.0,65.0,172.0,22.0,2.0,0,0,0,0,1,0,0,1,0,0,0,0,0,0,0,0,0,0,1,0,0,1,0,0,0,1,0,0
642,248.0,25.0,14.0,47.0,222196.0,99.0,0.0,0.0,0.0,0.0,1.0,86.0,165.0,32.0,3.0,0,0,0,0,1,0,0,1,0,0,0,0,0,0,0,0,0,0,0,1,0,1,0,0,0,1,0,0
644,179.0,26.0,9.0,30.0,222196.0,99.0,0.0,1.0,0.0,0.0,0.0,56.0,171.0,19.0,2.0,0,0,0,0,1,0,0,1,0,0,0,0,0,0,0,0,0,0,0,0,1,1,0,0,0,0,0,0
645,179.0,51.0,18.0,38.0,222196.0,99.0,0.0,0.0,1.0,0.0,0.0,89.0,170.0,31.0,3.0,0,0,0,0,1,0,0,1,0,0,0,0,0,0,0,0,0,0,0,0,1,1,0,0,0,0,0,0
646,179.0,51.0,18.0,38.0,222196.0,99.0,0.0,0.0,1.0,0.0,0.0,89.0,170.0,31.0,3.0,0,0,0,0,1,0,0,1,0,0,0,0,0,0,0,0,0,1,0,0,0,0,1,0,0,0,0,0
647,118.0,15.0,24.0,46.0,222196.0,99.0,0.0,0.0,1.0,1.0,0.0,75.0,175.0,25.0,8.0,0,0,0,0,1,0,0,1,0,0,0,0,0,0,0,0,0,0,1,0,0,0,1,0,0,1,0,0
648,155.0,12.0,14.0,34.0,222196.0,99.0,0.0,0.0,1.0,0.0,0.0,95.0,196.0,25.0,24.0,0,1,0,0,0,0,0,1,0,0,0,0,0,0,0,0,0,0,1,0,0,0,1,0,0,1,0,0
649,179.0,51.0,18.0,38.0,222196.0,99.0,0.0,0.0,1.0,0.0,0.0,89.0,170.0,31.0,3.0,0,0,0,0,1,0,0,1,0,0,0,0,0,0,0,0,0,0,1,0,0,0,1,0,0,0,0,0
650,179.0,51.0,18.0,38.0,222196.0,99.0,0.0,0.0,1.0,0.0,0.0,89.0,170.0,31.0,3.0,0,0,0,0,1,0,0,1,0,0,0,0,0,0,0,0,0,0,0,1,0,0,1,0,0,0,0,0
651,179.0,26.0,9.0,30.0,222196.0,99.0,0.0,1.0,0.0,0.0,0.0,56.0,171.0,19.0,2.0,0,1,0,0,0,0,0,1,0,0,0,0,0,0,0,0,0,0,0,0,0,0,1,0,0,0,0,0
652,289.0,36.0,13.0,33.0,222196.0,99.0,0.0,0.0,1.0,0.0,1.0,90.0,172.0,30.0,104.0,0,0,0,1,0,0,0,1,0,0,0,0,0,0,0,0,0,0,0,0,0,0,1,0,0,1,0,0
653,369.0,17.0,12.0,31.0,222196.0,99.0,0.0,0.0,1.0,0.0,0.0,70.0,169.0,25.0,8.0,0,0,0,0,1,0,0,1,0,0,0,0,0,0,0,0,0,0,1,0,0,0,1,0,0,0,1,0
654,225.0,26.0,9.0,28.0,246288.0,91.0,0.0,0.0,0.0,0.0,2.0,69.0,169.0,24.0,8.0,0,1,0,0,0,0,0,0,1,0,0,0,0,0,0,0,0,0,0,0,0,0,1,0,1,0,0,0
655,118.0,10.0,10.0,37.0,246288.0,91.0,0.0,0.0,0.0,0.0,0.0,83.0,172.0,28.0,8.0,0,1,0,0,0,0,0,0,1,0,0,0,0,0,0,0,0,0,0,0,0,0,1,0,0,0,0,0
656,361.0,52.0,3.0,28.0,246288.0,91.0,0.0,0.0,1.0,0.0,4.0,80.0,172.0,27.0,8.0,0,0,0,1,0,0,0,0,1,0,0,0,0,0,0,0,0,1,0,0,0,0,1,0,1,0,0,0
657,248.0,25.0,14.0,47.0,246288.0,91.0,0.0,0.0,0.0,0.0,1.0,86.0,165.0,32.0,8.0,0,0,0,1,0,0,0,0,1,0,0,0,0,0,0,0,0,0,1,0,0,0,1,0,0,1,0,0
658,189.0,29.0,13.0,33.0,246288.0,91.0,0.0,0.0,0.0,0.0,2.0,69.0,167.0,25.0,8.0,0,1,0,0,0,0,0,0,1,0,0,0,0,0,0,0,0,0,0,1,0,0,1,0,0,1,0,0
659,179.0,26.0,9.0,30.0,246288.0,91.0,0.0,1.0,0.0,0.0,0.0,56.0,171.0,19.0,2.0,0,0,0,0,1,0,0,0,1,0,0,0,0,0,0,0,0,0,0,0,1,0,1,0,0,0,0,0
660,369.0,17.0,12.0,31.0,246288.0,91.0,0.0,0.0,1.0,0.0,0.0,70.0,169.0,25.0,24.0,0,1,0,0,0,0,0,0,1,0,0,0,0,0,0,0,0,0,0,0,0,0,1,0,0,0,1,0
661,179.0,22.0,17.0,40.0,246288.0,91.0,0.0,1.0,0.0,1.0,0.0,63.0,170.0,22.0,2.0,0,0,1,0,0,0,0,0,1,0,0,0,0,0,0,0,0,1,0,0,0,0,1,0,0,1,0,0
662,118.0,13.0,18.0,50.0,246288.0,91.0,0.0,0.0,1.0,0.0,0.0,98.0,178.0,31.0,3.0,0,0,0,0,1,0,0,0,1,0,0,0,0,0,0,0,0,1,0,0,0,0,1,0,1,0,0,0
663,361.0,52.0,3.0,28.0,246288.0,91.0,0.0,0.0,1.0,0.0,4.0,80.0,172.0,27.0,2.0,0,0,0,0,1,0,0,0,1,0,0,0,0,0,0,0,0,1,0,0,0,0,1,0,1,0,0,0
664,118.0,10.0,10.0,37.0,246288.0,91.0,0.0,0.0,0.0,0.0,0.0,83.0,172.0,28.0,2.0,0,1,0,0,0,0,0,0,1,0,0,0,0,0,0,0,0,0,1,0,0,0,1,0,0,0,0,0
665,235.0,11.0,14.0,37.0,246288.0,91.0,0.0,1.0,0.0,0.0,1.0,88.0,172.0,29.0,8.0,0,0,0,0,1,0,0,0,1,0,0,0,0,0,0,0,0,0,0,0,1,0,1,0,1,0,0,0
667,225.0,26.0,9.0,28.0,246288.0,91.0,0.0,0.0,0.0,0.0,2.0,69.0,169.0,24.0,8.0,0,0,0,1,0,0,0,0,1,0,0,0,0,0,0,0,0,0,0,0,0,0,1,0,1,0,0,0
668,235.0,16.0,8.0,32.0,246288.0,91.0,0.0,1.0,0.0,0.0,0.0,75.0,178.0,25.0,3.0,0,0,1,0,0,0,0,0,1,0,0,0,0,0,0,0,0,1,0,0,0,0,1,0,0,0,0,0
670,155.0,12.0,14.0,34.0,246288.0,91.0,0.0,0.0,1.0,0.0,0.0,95.0,196.0,25.0,4.0,0,0,0,0,1,0,0,0,1,0,0,0,0,0,0,0,0,1,0,0,0,0,1,0,0,1,0,0
671,225.0,26.0,9.0,28.0,246288.0,91.0,0.0,0.0,0.0,0.0,2.0,69.0,169.0,24.0,8.0,0,0,0,1,0,0,0,0,1,0,0,0,0,0,0,0,0,0,0,1,0,0,1,0,1,0,0,0
672,118.0,13.0,18.0,50.0,246288.0,91.0,0.0,0.0,1.0,0.0,0.0,98.0,178.0,31.0,2.0,0,1,0,0,0,0,0,0,1,0,0,0,0,0,0,0,0,0,0,1,0,0,1,0,1,0,0,0
674,235.0,11.0,14.0,37.0,237656.0,99.0,0.0,1.0,0.0,0.0,1.0,88.0,172.0,29.0,8.0,0,0,0,0,1,0,0,0,0,1,0,0,0,0,0,0,0,0,0,0,0,0,1,0,1,0,0,0
675,225.0,15.0,15.0,41.0,237656.0,99.0,0.0,1.0,1.0,0.0,2.0,94.0,182.0,28.0,3.0,0,0,0,1,0,0,0,0,0,1,0,0,0,0,0,0,0,0,1,0,0,0,1,0,0,1,0,0
676,235.0,16.0,8.0,32.0,237656.0,99.0,0.0,1.0,0.0,0.0,0.0,75.0,178.0,25.0,2.0,0,0,0,0,1,0,0,0,0,1,0,0,0,0,0,0,0,0,1,0,0,0,1,0,0,0,0,0
677,118.0,10.0,10.0,37.0,237656.0,99.0,0.0,0.0,0.0,0.0,0.0,83.0,172.0,28.0,3.0,0,1,0,0,0,0,0,0,0,1,0,0,0,0,0,0,0,0,1,0,0,0,1,0,0,0,0,0
678,235.0,20.0,13.0,43.0,237656.0,99.0,0.0,0.0,1.0,0.0,0.0,106.0,167.0,38.0,8.0,0,0,0,0,1,0,0,0,0,1,0,0,0,0,0,0,0,0,1,0,0,0,1,0,1,0,0,0
679,179.0,26.0,9.0,30.0,237656.0,99.0,0.0,1.0,0.0,0.0,0.0,56.0,171.0,19.0,1.0,0,1,0,0,0,0,0,0,0,1,0,0,0,0,0,0,0,0,0,1,0,0,1,0,0,0,0,0
680,291.0,31.0,12.0,40.0,237656.0,99.0,0.0,0.0,1.0,0.0,1.0,73.0,171.0,25.0,2.0,0,0,0,0,1,0,0,0,0,1,0,0,0,0,0,0,0,0,0,1,0,0,1,0,1,0,0,0
681,225.0,15.0,15.0,41.0,237656.0,99.0,0.0,1.0,1.0,0.0,2.0,94.0,182.0,28.0,8.0,0,1,0,0,0,0,0,0,0,1,0,0,0,0,0,0,0,0,0,1,0,0,1,0,0,1,0,0
682,300.0,26.0,13.0,43.0,237656.0,99.0,0.0,0.0,1.0,1.0,1.0,77.0,175.0,25.0,64.0,0,0,0,1,0,0,0,0,0,1,0,0,0,0,0,0,0,0,0,0,1,0,1,0,0,1,0,0
683,225.0,15.0,15.0,41.0,237656.0,99.0,0.0,1.0,1.0,0.0,2.0,94.0,182.0,28.0,8.0,0,0,0,0,1,0,0,0,0,1,0,0,0,0,0,0,0,0,0,0,1,0,1,0,0,1,0,0
684,179.0,26.0,9.0,30.0,237656.0,99.0,0.0,1.0,0.0,0.0,0.0,56.0,171.0,19.0,2.0,0,0,0,0,1,0,0,0,0,1,0,0,0,0,0,0,0,0,0,0,1,0,1,0,0,0,0,0
685,118.0,13.0,18.0,50.0,237656.0,99.0,0.0,0.0,1.0,0.0,0.0,98.0,178.0,31.0,2.0,0,0,0,0,1,0,0,0,0,1,0,0,0,0,0,0,0,0,0,0,0,0,1,0,1,0,0,0
686,118.0,13.0,18.0,50.0,237656.0,99.0,0.0,0.0,1.0,0.0,0.0,98.0,178.0,31.0,3.0,1,0,0,0,0,0,0,0,0,1,0,0,0,0,0,0,0,1,0,0,0,0,1,0,1,0,0,0
687,118.0,10.0,10.0,37.0,237656.0,99.0,0.0,0.0,0.0,0.0,0.0,83.0,172.0,28.0,1.0,0,0,0,0,1,0,0,0,0,1,0,0,0,0,0,0,0,1,0,0,0,0,1,0,0,0,0,0
688,118.0,13.0,18.0,50.0,237656.0,99.0,1.0,0.0,1.0,0.0,0.0,98.0,178.0,31.0,0.0,0,0,0,0,0,0,0,0,0,1,0,0,0,0,0,0,0,1,0,0,0,0,1,0,1,0,0,0
689,179.0,26.0,9.0,30.0,237656.0,99.0,0.0,1.0,0.0,0.0,0.0,56.0,171.0,19.0,2.0,0,0,0,0,1,0,0,0,0,1,0,0,0,0,0,0,0,0,1,0,0,0,1,0,0,0,0,0
690,378.0,49.0,11.0,36.0,237656.0,99.0,1.0,0.0,0.0,1.0,4.0,65.0,174.0,21.0,0.0,0,0,0,0,0,0,0,0,0,1,0,0,0,0,0,0,0,0,1,0,0,0,1,0,0,1,0,0
691,179.0,22.0,17.0,40.0,237656.0,99.0,0.0,1.0,0.0,1.0,0.0,63.0,170.0,22.0,1.0,0,0,1,0,0,0,0,0,0,1,0,0,0,0,0,0,0,0,0,0,1,0,1,0,0,1,0,0
692,155.0,12.0,14.0,34.0,237656.0,99.0,0.0,0.0,1.0,0.0,0.0,95.0,196.0,25.0,48.0,0,1,0,0,0,0,0,0,0,1,0,0,0,0,0,0,0,0,0,0,0,0,1,0,0,1,0,0
693,235.0,16.0,8.0,32.0,237656.0,99.0,0.0,1.0,0.0,0.0,0.0,75.0,178.0,25.0,8.0,0,1,0,0,0,0,0,0,0,1,0,0,0,0,0,0,0,0,0,0,0,0,1,0,0,0,0,0
694,291.0,31.0,12.0,40.0,237656.0,99.0,0.0,0.0,1.0,0.0,1.0,73.0,171.0,25.0,8.0,0,0,0,0,1,0,0,0,0,1,0,0,0,0,0,0,0,0,1,0,0,0,1,0,1,0,0,0
695,179.0,22.0,17.0,40.0,237656.0,99.0,0.0,1.0,0.0,1.0,0.0,63.0,170.0,22.0,8.0,0,1,0,0,0,0,0,0,0,1,0,0,0,0,0,0,0,0,1,0,0,0,1,0,0,1,0,0
696,225.0,26.0,9.0,28.0,237656.0,99.0,0.0,0.0,0.0,0.0,2.0,69.0,169.0,24.0,3.0,0,1,0,0,0,0,0,0,0,1,0,0,0,0,0,0,0,0,1,0,0,0,1,0,1,0,0,0
697,330.0,16.0,4.0,28.0,237656.0,99.0,0.0,1.0,0.0,0.0,0.0,84.0,182.0,25.0,8.0,0,1,0,0,0,0,0,0,0,1,0,0,0,0,0,0,0,0,0,1,0,0,1,0,0,0,0,0
698,235.0,16.0,8.0,32.0,237656.0,99.0,0.0,1.0,0.0,0.0,0.0,75.0,178.0,25.0,2.0,0,0,0,0,1,0,0,0,0,1,0,0,0,0,0,0,0,0,0,1,0,0,1,0,0,0,0,0
701,361.0,52.0,3.0,28.0,237656.0,99.0,0.0,0.0,1.0,0.0,4.0,80.0,172.0,27.0,8.0,0,1,0,0,0,0,0,0,0,1,0,0,0,0,0,0,0,0,0,0,0,0,1,0,1,0,0,0
702,155.0,12.0,14.0,34.0,237656.0,99.0,0.0,0.0,1.0,0.0,0.0,95.0,196.0,25.0,2.0,0,0,0,0,1,0,0,0,0,1,0,0,0,0,0,0,0,0,1,0,0,0,1,0,0,1,0,0
703,179.0,22.0,17.0,40.0,237656.0,99.0,0.0,1.0,0.0,1.0,0.0,63.0,170.0,22.0,8.0,0,0,0,0,1,0,0,0,0,1,0,0,0,0,0,0,0,0,0,0,1,0,1,0,0,1,0,0
704,155.0,12.0,14.0,34.0,237656.0,99.0,0.0,0.0,1.0,0.0,0.0,95.0,196.0,25.0,8.0,0,1,0,0,0,0,0,0,0,1,0,0,0,0,0,0,0,0,0,0,1,0,1,0,0,1,0,0
705,225.0,26.0,9.0,28.0,237656.0,99.0,0.0,0.0,0.0,0.0,2.0,69.0,169.0,24.0,1.0,0,1,0,0,0,0,0,0,0,1,0,0,0,0,0,0,0,0,0,0,0,0,1,0,1,0,0,0
706,118.0,15.0,24.0,46.0,275089.0,96.0,0.0,0.0,1.0,1.0,0.0,75.0,175.0,25.0,8.0,0,1,0,0,0,0,0,0,0,0,1,0,0,0,0,0,0,0,1,0,0,0,1,0,0,1,0,0
707,179.0,26.0,9.0,30.0,275089.0,96.0,0.0,1.0,0.0,0.0,0.0,56.0,171.0,19.0,3.0,0,0,0,0,1,0,0,0,0,0,1,0,0,0,0,0,0,0,1,0,0,0,1,0,0,0,0,0
708,118.0,10.0,10.0,37.0,275089.0,96.0,0.0,0.0,0.0,0.0,0.0,83.0,172.0,28.0,8.0,0,0,0,0,1,0,0,0,0,0,1,0,0,0,0,0,0,0,0,0,1,0,1,0,0,0,0,0
709,118.0,10.0,10.0,37.0,275089.0,96.0,0.0,0.0,0.0,0.0,0.0,83.0,172.0,28.0,8.0,0,1,0,0,0,0,0,0,0,0,1,0,0,0,0,0,0,0,1,0,0,0,1,0,0,0,0,0
710,378.0,49.0,11.0,36.0,275089.0,96.0,0.0,0.0,0.0,1.0,4.0,65.0,174.0,21.0,8.0,0,0,0,0,1,0,0,0,0,0,1,0,0,0,0,0,0,0,0,1,0,0,1,0,0,1,0,0
711,118.0,13.0,18.0,50.0,275089.0,96.0,0.0,0.0,1.0,0.0,0.0,98.0,178.0,31.0,24.0,0,0,0,1,0,0,0,0,0,0,1,0,0,0,0,0,0,0,0,1,0,0,1,0,1,0,0,0
712,233.0,51.0,1.0,31.0,275089.0,96.0,0.0,1.0,1.0,0.0,8.0,68.0,178.0,21.0,8.0,0,0,0,1,0,0,0,0,0,0,1,0,0,0,0,0,0,0,0,0,1,0,1,0,1,0,0,0
713,179.0,26.0,9.0,30.0,275089.0,96.0,0.0,1.0,0.0,0.0,0.0,56.0,171.0,19.0,2.0,0,0,0,0,1,0,0,0,0,0,1,0,0,0,0,0,0,0,0,0,1,0,1,0,0,0,0,0
714,235.0,29.0,12.0,48.0,275089.0,96.0,1.0,0.0,0.0,1.0,5.0,88.0,163.0,33.0,0.0,0,0,0,0,0,0,0,0,0,0,1,0,0,0,0,0,0,0,0,0,0,0,1,0,1,0,0,0
715,268.0,11.0,8.0,33.0,275089.0,96.0,1.0,1.0,0.0,0.0,0.0,79.0,178.0,25.0,0.0,0,0,0,0,0,0,0,0,0,0,1,0,0,0,0,0,0,0,0,0,0,0,1,0,0,0,0,0
716,118.0,13.0,18.0,50.0,275089.0,96.0,0.0,0.0,1.0,0.0,0.0,98.0,178.0,31.0,3.0,0,0,0,1,0,0,0,0,0,0,1,0,0,0,0,0,0,0,0,1,0,0,1,0,1,0,0,0
717,179.0,26.0,9.0,30.0,275089.0,96.0,0.0,1.0,0.0,0.0,0.0,56.0,171.0,19.0,2.0,0,1,0,0,0,0,0,0,0,0,1,0,0,0,0,0,0,0,0,1,0,0,1,0,0,0,0,0
718,291.0,31.0,12.0,40.0,275089.0,96.0,0.0,0.0,1.0,0.0,1.0,73.0,171.0,25.0,2.0,0,0,0,0,1,0,0,0,0,0,1,0,0,0,0,0,0,0,0,1,0,0,1,0,1,0,0,0
719,179.0,26.0,9.0,30.0,275089.0,96.0,0.0,1.0,0.0,0.0,0.0,56.0,171.0,19.0,3.0,0,1,0,0,0,0,0,0,0,0,1,0,0,0,0,0,0,0,0,0,0,0,0,0,0,0,0,0
720,118.0,10.0,10.0,37.0,275089.0,96.0,0.0,0.0,0.0,0.0,0.0,83.0,172.0,28.0,3.0,0,0,0,0,1,0,0,0,0,0,1,0,0,0,0,0,0,0,0,0,0,0,0,0,0,0,0,0
721,233.0,51.0,1.0,31.0,275089.0,96.0,0.0,1.0,1.0,0.0,8.0,68.0,178.0,21.0,8.0,0,0,0,0,1,0,0,0,0,0,1,0,0,0,0,0,0,0,0,1,0,0,0,0,1,0,0,0
722,118.0,10.0,10.0,37.0,275089.0,96.0,0.0,0.0,0.0,0.0,0.0,83.0,172.0,28.0,2.0,0,1,0,0,0,0,0,0,0,0,1,0,0,0,0,0,0,0,0,0,1,0,0,0,0,0,0,0
723,118.0,10.0,10.0,37.0,275089.0,96.0,0.0,0.0,0.0,0.0,0.0,83.0,172.0,28.0,3.0,0,1,0,0,0,0,0,0,0,0,1,0,0,0,0,0,0,0,1,0,0,0,0,0,0,0,0,0
724,233.0,51.0,1.0,31.0,275089.0,96.0,0.0,1.0,1.0,0.0,8.0,68.0,178.0,21.0,3.0,0,0,0,0,1,0,0,0,0,0,1,0,0,0,0,0,0,0,1,0,0,0,0,0,1,0,0,0
725,235.0,20.0,13.0,43.0,264604.0,93.0,0.0,0.0,1.0,0.0,0.0,106.0,167.0,38.0,4.0,0,0,0,0,1,0,0,0,0,0,0,1,0,0,0,0,0,0,1,0,0,0,0,0,1,0,0,0
726,233.0,51.0,1.0,31.0,264604.0,93.0,0.0,1.0,1.0,0.0,8.0,68.0,178.0,21.0,2.0,0,0,0,1,0,0,0,0,0,0,0,1,0,0,0,0,0,0,0,0,1,0,0,0,1,0,0,0
727,228.0,14.0,16.0,58.0,264604.0,93.0,0.0,0.0,0.0,0.0,1.0,65.0,172.0,22.0,8.0,0,1,0,0,0,0,0,0,0,0,0,1,0,0,0,0,0,0,0,0,0,0,0,0,0,1,0,0
728,118.0,10.0,10.0,37.0,264604.0,93.0,0.0,0.0,0.0,0.0,0.0,83.0,172.0,28.0,4.0,0,0,0,0,1,0,0,0,0,0,0,1,0,0,0,0,0,0,0,0,0,0,0,0,0,0,0,0
729,228.0,14.0,16.0,58.0,264604.0,93.0,0.0,0.0,0.0,0.0,1.0,65.0,172.0,22.0,120.0,0,1,0,0,0,0,0,0,0,0,0,1,0,0,0,0,0,1,0,0,0,0,0,0,0,1,0,0
730,189.0,29.0,13.0,33.0,264604.0,93.0,0.0,0.0,0.0,0.0,2.0,69.0,167.0,25.0,16.0,0,0,0,0,1,0,0,0,0,0,0,1,0,0,0,0,0,1,0,0,0,0,0,0,0,1,0,0
731,118.0,10.0,10.0,37.0,264604.0,93.0,0.0,0.0,0.0,0.0,0.0,83.0,172.0,28.0,2.0,0,0,0,0,1,0,0,0,0,0,0,1,0,0,0,0,0,0,1,0,0,0,0,0,0,0,0,0
732,361.0,52.0,3.0,28.0,264604.0,93.0,0.0,0.0,1.0,0.0,4.0,80.0,172.0,27.0,8.0,0,0,0,0,1,0,0,0,0,0,0,1,0,0,0,0,0,0,1,0,0,0,0,0,1,0,0,0
733,225.0,26.0,9.0,28.0,264604.0,93.0,0.0,0.0,0.0,0.0,2.0,69.0,169.0,24.0,8.0,0,0,0,0,1,0,0,0,0,0,0,1,0,0,0,0,0,0,1,0,0,0,0,0,1,0,0,0
734,369.0,17.0,12.0,31.0,264604.0,93.0,0.0,0.0,1.0,0.0,0.0,70.0,169.0,25.0,80.0,0,1,0,0,0,0,0,0,0,0,0,1,0,0,0,0,0,0,0,0,0,0,0,0,0,0,1,0
735,289.0,36.0,13.0,33.0,264604.0,93.0,0.0,0.0,1.0,0.0,1.0,90.0,172.0,30.0,8.0,0,1,0,0,0,0,0,0,0,0,0,1,0,0,0,0,0,1,0,0,0,0,0,0,0,1,0,0
736,235.0,11.0,14.0,37.0,264604.0,93.0,0.0,1.0,0.0,0.0,1.0,88.0,172.0,29.0,4.0,0,1,0,0,0,0,0,0,0,0,0,1,0,0,0,0,0,1,0,0,0,0,0,0,1,0,0,0
737,118.0,14.0,13.0,40.0,271219.0,95.0,0.0,0.0,1.0,0.0,8.0,98.0,170.0,34.0,0.0,0,0,0,0,0,0,0,0,0,0,0,0,0,0,0,0,0,1,0,0,0,0,0,0,1,0,0,0
738,231.0,35.0,14.0,39.0,271219.0,95.0,0.0,0.0,1.0,0.0,2.0,100.0,170.0,35.0,0.0,0,0,0,0,0,0,0,0,0,0,0,0,0,0,0,0,0,0,1,0,0,1,0,0,0,1,0,0
739,179.0,45.0,14.0,53.0,271219.0,95.0,0.0,0.0,0.0,0.0,1.0,77.0,175.0,25.0,0.0,0,0,0,0,0,0,0,0,0,0,0,0,0,0,0,0,0,0,0,0,1,0,1,0,1,0,0,0
